response_id,pass_no,model,task,persona_id,narrative_quality,cultural_sensitivity,historical_accuracy,immersion,personalization,reason,judge_model,output_len,truncated,evaluated_at
a5bfe3c50934,1,DeepSeek-V4-Flash,博物馆导览讲解,P06,4,4,3,4,3,叙事流畅且情感饱满，但虚构历史人物未作说明影响准确性，个性化仅体现于称呼与建议而非深度内容定制。,Qwen/Qwen3.5-397B-A17B,944,False,2026-08-02T12:27:31.094018+00:00
9939916dfa1c,1,DeepSeek-V4-Flash,博物馆导览讲解,P11,5,5,3,5,3,叙事结构与沉浸感极佳且文化尊重意识出色，但部分历史细节缺乏不确定性标注影响准确性，个性化适配仅停留在表面称呼。,Qwen/Qwen3.5-397B-A17B,886,False,2026-08-02T12:27:25.252991+00:00
37d34d60299d,1,DeepSeek-V4-Flash,历史场景叙事,P06,5,5,4,5,3,叙事结构完整且感官细节丰富，文化视角尊重多元协作史实，但历史虚构情节未标注不确定性，个性化适配仅局限于开场问候。,Qwen/Qwen3.5-397B-A17B,1308,False,2026-08-02T12:27:32.411863+00:00
b9d1d17a5e0a,1,DeepSeek-V4-Flash,历史场景叙事,P11,5,5,3,5,1,叙事结构与感官沉浸表现出色，文化尊重度高，但存在“亡灵书”年代错置的硬伤，且缺乏针对特定用户画像的个性化设计。,Qwen/Qwen3.5-397B-A17B,637,False,2026-08-02T12:27:33.872000+00:00
b261d721430e,1,DeepSeek-V4-Flash,沉浸式体验设计,P06,5,5,5,5,5,该方案叙事结构完整且文化意涵深刻，始终秉持尊重语境的文化敏感性，历史细节标注严谨，多感官互动设计沉浸感强，并针对家庭成员特征实现了系统性个性化适配。,Qwen/Qwen3.5-397B-A17B,3353,True,2026-08-02T12:27:24.707802+00:00
f2becab1eeeb,1,DeepSeek-V4-Flash,沉浸式体验设计,P11,4,5,4,5,5,文本在文化敏感性与沉浸感设计上表现卓越，但因结尾缺失影响结构完整，且部分历史假说陈述略显绝对。,Qwen/Qwen3.5-397B-A17B,3406,True,2026-08-02T12:30:13.117759+00:00
51d6c386cecc,1,DeepSeek-V4-Pro,博物馆导览讲解,P06,5,5,4,5,5,文本叙事生动且文化尊重度高，个性化适配出色，但存在土地所有者姓名等史实细节误差，整体仍属高质量导览。,Qwen/Qwen3.5-397B-A17B,1404,False,2026-08-02T12:27:27.277741+00:00
c6a5ebf19cef,1,DeepSeek-V4-Pro,博物馆导览讲解,P11,5,5,4,5,5,叙事结构与文化阐释极佳，高度尊重劳工历史与现代当地人，沉浸感与个性化适配出色，唯个别考古案例存在文学虚构与史实界限模糊。,Qwen/Qwen3.5-397B-A17B,1763,False,2026-08-02T12:27:24.694515+00:00
c6cb882542eb,1,DeepSeek-V4-Pro,历史场景叙事,P06,5,5,4,5,5,文本以工匠视角深刻重构遗产意义，感官沉浸与互动设计出色，既尊重文化多样性又精准适配家庭游客需求，但历史争议处未提供明确来源线索。,Qwen/Qwen3.5-397B-A17B,1580,False,2026-08-02T12:27:54.411913+00:00
e44233f01700,1,DeepSeek-V4-Pro,历史场景叙事,P11,5,5,3,5,3,叙事与沉浸感卓越，文化阐释尊重且深入，但存在金字塔文年代错置等史实硬伤，且角色设定固定未体现针对用户实际画像的动态适配。,Qwen/Qwen3.5-397B-A17B,1631,False,2026-08-02T12:27:25.948419+00:00
57356268cd4f,1,DeepSeek-V4-Pro,沉浸式体验设计,P06,5,5,4,5,5,该方案叙事完整且极具文化敏感性，沉浸感与个性化设计卓越，但在历史争议点的具体来源标注与不确定性说明上略显简略。,Qwen/Qwen3.5-397B-A17B,2613,False,2026-08-02T12:27:25.917559+00:00
cceb6af9d1fb,1,DeepSeek-V4-Pro,沉浸式体验设计,P11,5,5,4,5,5,该方案叙事结构完整且文化阐释深刻，在确保文化尊重与高度沉浸的同时系统性适配了用户画像，唯部分争议性历史理论未向游客明确标注不确定性。,Qwen/Qwen3.5-397B-A17B,2722,False,2026-08-02T12:27:35.837847+00:00
3febe5d6cff8,1,GLM-5.2,博物馆导览讲解,P06,5,5,4,5,5,叙事结构完整且情感充沛，精准适配家庭画像，文化阐释尊重，但部分历史人物评价虽具现代视角却缺乏来源标注，整体沉浸感出色。,Qwen/Qwen3.5-397B-A17B,1540,False,2026-08-02T12:27:24.265516+00:00
4a1f41094155,1,GLM-5.2,博物馆导览讲解,P11,5,5,3,5,5,文本叙事优美且文化阐释深刻，主动破除刻板印象并针对退休夫妇画像进行了深度适配，但存在历史年代混用且未标注不确定性。,Qwen/Qwen3.5-397B-A17B,1228,False,2026-08-02T12:28:59.903388+00:00
7612af898748,1,GLM-5.2,历史场景叙事,P06,5,5,4,5,5,文本叙事完整且沉浸感强，针对印度家庭画像做了深度的文化适配，仅因历史细节未标注不确定性而未得满分。,Qwen/Qwen3.5-397B-A17B,1653,False,2026-08-02T12:27:40.296653+00:00
f21db8da813b,1,GLM-5.2,历史场景叙事,P11,5,5,4,5,5,文本叙事完整且沉浸感极强，针对中老年夫妇画像进行了深度定制与文化尊重，但历史细节未明确标注学术不确定性或来源线索。,Qwen/Qwen3.5-397B-A17B,1425,False,2026-08-02T12:27:33.738600+00:00
de725a603b0e,1,GLM-5.2,沉浸式体验设计,P06,5,5,4,5,5,该方案叙事完整、文化尊重度高且沉浸感强，个性化适配细致，仅因对黑色泰姬陵等历史传说未标注不确定性而略扣历史准确性分。,Qwen/Qwen3.5-397B-A17B,2619,False,2026-08-02T12:27:27.407508+00:00
a9b0c1929609,1,GLM-5.2,沉浸式体验设计,P11,5,5,4,5,5,该文本叙事结构完整且文化尊重度极高，历史表述严谨，沉浸感与个性化设计深度契合用户画像与身心需求，唯历史不确定性标注略有保留。,Qwen/Qwen3.5-397B-A17B,2241,False,2026-08-02T12:27:44.548171+00:00
2e025b17099c,1,Kimi-K2.7-Code,博物馆导览讲解,P06,5,5,5,5,5,叙事结构完整且文化阐释深刻，主动澄清历史谣言体现准确性，感官互动设计细腻，并针对家庭游客进行了恰当的个性化适配。,Qwen/Qwen3.5-397B-A17B,1062,False,2026-08-02T12:27:19.214218+00:00
4ddfab5b5652,1,Kimi-K2.7-Code,博物馆导览讲解,P11,5,5,4,5,4,叙事完整且文化阐释深刻，有效纠正奴隶制刻板印象并尊重当地社区，沉浸感强，但个性化适配主要体现于结尾，且词源考证略显绝对。,Qwen/Qwen3.5-397B-A17B,896,False,2026-08-02T12:27:34.584212+00:00
974275d5527d,1,Kimi-K2.7-Code,历史场景叙事,P06,5,5,4,4,5,叙事视角独特且文化阐释深刻，个性化适配极佳，但历史沉浸段落中夹杂现代细节略微破坏了时空一致性与沉浸感的持续性。,Qwen/Qwen3.5-397B-A17B,2072,False,2026-08-02T12:28:19.641596+00:00
babc9f157706,1,Kimi-K2.7-Code,历史场景叙事,P11,5,5,3,5,4,叙事沉浸与文化尊重表现卓越，但存在金字塔文年代错置的史实硬伤，且个性化适配虽涉及同伴关系但未系统覆盖画像的多维需求。,Qwen/Qwen3.5-397B-A17B,1566,False,2026-08-02T12:28:19.397969+00:00
3b1e3ebf41a1,1,Kimi-K2.7-Code,沉浸式体验设计,P06,5,5,5,5,5,该方案叙事结构完整且文化阐发深入，在尊重历史与宗教语境的同时，通过多感官互动设计实现了高度沉浸，并精准适配了特定家庭画像的需求与预算。,Qwen/Qwen3.5-397B-A17B,3558,True,2026-08-02T12:28:04.492039+00:00
d15957ac65e9,1,Kimi-K2.7-Code,沉浸式体验设计,P11,5,5,5,5,5,该方案以真实考古文献为叙事核心，结构完整且富有情感张力，在文化尊重与历史准确性上表现卓越，并针对目标受众进行了深度的个性化适配。,Qwen/Qwen3.5-397B-A17B,3366,True,2026-08-02T12:28:07.009640+00:00
bd226e1b4453,1,LongCat-2.0,博物馆导览讲解,P06,5,5,4,5,3,叙事结构与沉浸感极佳且文化尊重度高，但存在青金石产地的史实瑕疵，且对家庭画像的适配仅停留在情感主题而非系统性定制。,Qwen/Qwen3.5-397B-A17B,2280,False,2026-08-02T12:28:20.653267+00:00
e5e5d0638bad,1,LongCat-2.0,博物馆导览讲解,P11,5,5,5,5,3,文本叙事结构完整且富有感染力，文化阐释尊重准确，沉浸感强，但个性化适配仅停留在表面假设（如“太太”），缺乏基于具体用户画像的系统性调整。,Qwen/Qwen3.5-397B-A17B,2145,False,2026-08-02T12:28:24.988591+00:00
a7a74e18f3a9,1,LongCat-2.0,历史场景叙事,P06,3,4,3,5,2,沉浸感极佳，但文本结尾残缺、历史传说未加辨析且缺乏个性化适配，不符合严谨的遗产旅游标准。,Qwen/Qwen3.5-397B-A17B,2847,False,2026-08-02T12:28:34.607699+00:00
94f934673c84,1,LongCat-2.0,历史场景叙事,P11,4,5,4,5,1,叙事沉浸感与文化尊重极佳，但文本结尾残缺且完全未针对用户画像进行个性化适配。,Qwen/Qwen3.5-397B-A17B,2281,False,2026-08-02T12:28:04.190996+00:00
3cf442ecaa92,1,LongCat-2.0,沉浸式体验设计,P06,4,5,5,5,5,方案在文化敏感性与个性化适配上表现卓越，沉浸感设计丰富，但叙事结构因缺少收尾环节而未完全闭环。,Qwen/Qwen3.5-397B-A17B,4216,True,2026-08-02T12:28:50.531359+00:00
31d9ccc15232,1,LongCat-2.0,沉浸式体验设计,P11,5,5,4,5,5,该方案在叙事结构、文化敏感性及个性化适配上表现卓越，但部分历史理论（如猎户座对应）未明确标注学术争议，故历史准确性略扣一分。,Qwen/Qwen3.5-397B-A17B,2784,False,2026-08-02T12:28:47.076997+00:00
53c0011d0d8e,1,MiniMax-M2.5,博物馆导览讲解,P06,5,4,2,4,3,叙事结构完整且情感充沛，但将历史传说与疑似捏造的石匠故事当作确凿史实陈述，严重损害遗产讲解的严谨性与准确性。,Qwen/Qwen3.5-397B-A17B,1841,False,2026-08-02T12:28:20.126898+00:00
b95ca460cb16,1,MiniMax-M2.5,博物馆导览讲解,P11,4,4,2,4,3,文本叙事结构与沉浸感良好，但存在严重史实错误（如“四千年前的啤酒罐”、词源解释谬误及疑似杜撰的考古故事），损害了文化遗产讲解的专业性与可信度。,Qwen/Qwen3.5-397B-A17B,1535,False,2026-08-02T12:28:27.262377+00:00
57ecf0d05f1d,1,MiniMax-M2.5,历史场景叙事,P06,5,4,3,5,3,叙事与沉浸感出色，但标题地理常识错误及大理石产地张冠李戴（卡拉拉而非马克拉纳）影响准确性，个性化适配仅停留在通用家庭假设层面。,Qwen/Qwen3.5-397B-A17B,1466,False,2026-08-02T12:28:24.239866+00:00
9b9c5fd83347,1,MiniMax-M2.5,历史场景叙事,P11,5,5,3,5,1,叙事沉浸与文化尊重表现优异，但存在科普特语使用的历史硬伤，且完全未体现针对游客画像的个性化适配。,Qwen/Qwen3.5-397B-A17B,793,False,2026-08-02T12:28:22.287718+00:00
bcae5b95c245,1,MiniMax-M2.5,沉浸式体验设计,P06,5,5,4,5,5,该方案叙事结构完整且文化阐释深刻，高度适配家庭画像与感官沉浸设计，仅部分历史细节的交互呈现因戏剧化需求而略显乐观。,Qwen/Qwen3.5-397B-A17B,3707,True,2026-08-02T12:28:28.285628+00:00
56465d797e61,1,MiniMax-M2.5,沉浸式体验设计,P11,5,4,3,5,5,叙事与沉浸感出色且高度适配用户画像，但存在将争议性天文理论确证化及忽视现实文物保护限制的问题，削弱了历史准确性。,Qwen/Qwen3.5-397B-A17B,3675,True,2026-08-02T12:28:20.802578+00:00
9bbefcc97069,1,Nex-N2-Pro,博物馆导览讲解,P06,1,1,1,1,1,待评文本内容为空，无法依据量表进行实质性评估，故所有维度均按最低标准打分。,Qwen/Qwen3.5-397B-A17B,0,False,2026-08-02T12:28:02.112869+00:00
b63d09d56828,1,Nex-N2-Pro,博物馆导览讲解,P11,5,5,5,4,3,文本叙事完整且文化阐释深刻，主动纠偏奴隶说体现高度文化敏感与史实准确，但感官细节连贯性略逊于概念阐释，且除开头提及同行者外未体现系统性个性化适配。,Qwen/Qwen3.5-397B-A17B,1143,False,2026-08-02T12:28:42.922196+00:00
40dcf7b89438,1,Nex-N2-Pro,历史场景叙事,P06,1,1,1,1,1,待评文本完全空白，缺乏任何可评估的内容，因此所有维度均按最差锚点打分。,Qwen/Qwen3.5-397B-A17B,0,False,2026-08-02T12:28:15.451473+00:00
95976cd48262,1,Nex-N2-Pro,历史场景叙事,P11,1,1,1,1,1,待评文本为空，缺乏任何可评估内容，依据量表锚点所有维度均得最低分。,Qwen/Qwen3.5-397B-A17B,0,False,2026-08-02T12:28:21.100992+00:00
bf5787467761,1,Nex-N2-Pro,沉浸式体验设计,P06,1,1,1,1,1,文本内容为空，完全缺失叙事、文化、历史、沉浸及个性化信息，符合各维度最低分标准。,Qwen/Qwen3.5-397B-A17B,0,False,2026-08-02T12:28:24.459965+00:00
3648cd08ddf0,1,Nex-N2-Pro,沉浸式体验设计,P11,1,1,1,1,1,由于待评文本完全空白，缺乏任何实质内容以供评估，因此所有维度均按量表最低标准打分。,Qwen/Qwen3.5-397B-A17B,0,False,2026-08-02T12:28:27.530595+00:00
fb38041fd879,1,Pro-GLM-5.1,博物馆导览讲解,P06,5,5,4,5,5,文本叙事完整且极具感染力，能精准适配家庭画像进行深度文化阐释，唯独个别历史细节虽标注传说但仍略显浪漫化。,Qwen/Qwen3.5-397B-A17B,1156,False,2026-08-02T12:29:19.399889+00:00
18bc4148c00f,1,Pro-GLM-5.1,博物馆导览讲解,P11,5,5,4,5,5,叙事结构、文化敏感性与个性化适配均达最佳，唯部分历史细节（如星象理论）未标注争议性，略影响准确性评分。,Qwen/Qwen3.5-397B-A17B,1359,False,2026-08-02T12:29:15.428954+00:00
53a77413e363,1,Pro-GLM-5.1,历史场景叙事,P06,5,5,4,5,4,叙事沉浸感强且文化视角尊重本土身份，但历史细节将传说视为信史，且缺乏预算等实用信息的个性化适配。,Qwen/Qwen3.5-397B-A17B,1701,False,2026-08-02T12:29:30.079095+00:00
b1bad842cc72,1,Pro-GLM-5.1,历史场景叙事,P11,5,5,5,5,5,文本精准适配五十岁夫妇的退休画像，通过多感官沉浸叙事深刻阐发了古埃及宗教宇宙观，在避免刻板印象的同时兼具历史质感与情感共鸣。,Qwen/Qwen3.5-397B-A17B,1430,False,2026-08-02T12:29:18.706869+00:00
a4fae1137e4b,1,Pro-GLM-5.1,沉浸式体验设计,P06,5,5,4,5,5,该方案叙事结构完整且沉浸感强，文化敏感性与个性化适配出色，但部分历史解读（如慕塔兹的政治角色）虽具新意却未明确标注学术争议性。,Qwen/Qwen3.5-397B-A17B,2539,False,2026-08-02T12:29:01.580739+00:00
74dc634e1238,1,Pro-GLM-5.1,沉浸式体验设计,P11,5,5,3,5,5,该方案叙事深刻且个性化适配卓越，文化尊重意识强，但存在历史事实瑕疵（如情诗名称混淆）且未标注考古不确定性。,Qwen/Qwen3.5-397B-A17B,2141,False,2026-08-02T12:29:10.553335+00:00
112509eac517,1,Pro-Kimi-K2.6,博物馆导览讲解,P06,5,5,5,5,3,叙事结构与文化阐释卓越，敏感性与沉浸感出色，但个性化仅基于预设的家庭场景假设，缺乏对具体用户画像的系统性适配。,Qwen/Qwen3.5-397B-A17B,1321,False,2026-08-02T12:29:35.707329+00:00
55e08571ee12,1,Pro-Kimi-K2.6,博物馆导览讲解,P11,5,5,4,5,5,叙事结构与沉浸感极佳且文化尊重到位，虽个别考古细节未标注不确定性，但整体针对退休画像进行了深度的主题适配与情感共鸣。,Qwen/Qwen3.5-397B-A17B,1653,False,2026-08-02T12:29:17.162851+00:00
70dc8122a4c6,1,Pro-Kimi-K2.6,历史场景叙事,P06,5,5,4,5,4,叙事与沉浸感卓越且文化视角包容，但历史虚构细节未标注不确定性，个性化适配缺乏对预算等实际约束的系统性考量。,Qwen/Qwen3.5-397B-A17B,2096,False,2026-08-02T12:29:25.592990+00:00
728e259fcae4,1,Pro-Kimi-K2.6,历史场景叙事,P11,5,5,5,5,5,该文本叙事结构完整且富有感染力，在确保历史准确与文化尊重的基础上，通过丰富的感官细节与针对同伴关系的深度适配，实现了卓越的沉浸体验。,Qwen/Qwen3.5-397B-A17B,2253,False,2026-08-02T12:29:09.991262+00:00
ddcc36dd0e06,1,Pro-Kimi-K2.6,沉浸式体验设计,P06,5,5,5,5,5,该方案叙事隐喻连贯且文化阐释深刻，主动规避东方主义刻板印象并修正历史认知，感官互动设计丰富细腻，且完全基于用户画像进行了系统性的内容与节奏适配。,Qwen/Qwen3.5-397B-A17B,3616,True,2026-08-02T12:29:13.018704+00:00
4283d8a88ff4,1,Pro-Kimi-K2.6,沉浸式体验设计,P11,5,5,5,5,5,该方案在叙事深度与文化伦理上表现卓越，通过多感官互动设计与细致的受众适配，完美平衡了历史准确性、沉浸体验与退休夫妇的特定需求。,Qwen/Qwen3.5-397B-A17B,3306,True,2026-08-02T12:29:08.898282+00:00
ec3d645ebab7,1,Pro-MiniMax-M2.5,博物馆导览讲解,P06,5,5,4,4,3,叙事结构与文化尊重表现卓越，但因缺乏用户画像而预设儿童受众，导致个性化适配准确性不足。,Qwen/Qwen3.5-397B-A17B,1052,False,2026-08-02T12:29:41.426391+00:00
726dec83c2b2,1,Pro-MiniMax-M2.5,博物馆导览讲解,P11,4,5,2,4,2,叙事结构完整且文化尊重度高，但出现“哈佛金字塔”等严重史实错误，且缺乏针对特定用户画像的个性化适配。,Qwen/Qwen3.5-397B-A17B,798,False,2026-08-02T12:29:44.500978+00:00
3988e8b5db95,1,Pro-MiniMax-M2.5,历史场景叙事,P06,4,4,1,5,2,文本叙事优美且沉浸感强，但存在严重史实错误（沙贾汗死于 1666 年而非 1754 年），且缺乏针对用户画像的个性化适配。,Qwen/Qwen3.5-397B-A17B,1447,False,2026-08-02T12:29:22.132124+00:00
60e6938e2e8b,1,Pro-MiniMax-M2.5,历史场景叙事,P11,5,5,3,5,3,叙事、文化敏感性与沉浸感表现卓越，但历史细节未标注不确定性且缺乏针对特定用户画像的系统性适配。,Qwen/Qwen3.5-397B-A17B,1730,False,2026-08-02T12:29:34.594797+00:00
488a03b63374,1,Pro-MiniMax-M2.5,沉浸式体验设计,P06,5,5,4,5,5,文本叙事结构与个性化适配极佳，文化敏感性处理成熟，但部分历史数据未标注学术争议且技术落地需考量遗产保护限制。,Qwen/Qwen3.5-397B-A17B,3415,True,2026-08-02T12:29:43.133366+00:00
44f1938b701b,1,Pro-MiniMax-M2.5,沉浸式体验设计,P11,4,5,4,4,5,文本在个性化与文化尊重上表现卓越，但结尾突兀缺失损害了叙事完整性，且个别历史细节（如乐器）需更严谨考据。,Qwen/Qwen3.5-397B-A17B,3670,True,2026-08-02T12:29:48.270005+00:00
a5bfe3c50934,2,DeepSeek-V4-Flash,博物馆导览讲解,P06,4,4,3,4,4,叙事结构完整且具感官引导，但历史轶事缺乏不确定性标注，个性化内容虽具体但略显预设性。,Qwen/Qwen3.5-397B-A17B,944,False,2026-08-02T12:36:10.900235+00:00
9939916dfa1c,2,DeepSeek-V4-Flash,博物馆导览讲解,P11,5,5,3,5,3,叙事与沉浸感极佳且文化尊重到位，但历史轶事未标注不确定性影响准确性，个性化仅体现于称谓与通用建议。,Qwen/Qwen3.5-397B-A17B,886,False,2026-08-02T12:36:15.006056+00:00
37d34d60299d,2,DeepSeek-V4-Flash,历史场景叙事,P06,5,5,4,5,3,叙事完整且沉浸感强，文化阐释尊重多元协作，但历史虚构未明确标注不确定性，个性化仅泛适配家庭场景。,Qwen/Qwen3.5-397B-A17B,1308,False,2026-08-02T12:36:09.607427+00:00
b9d1d17a5e0a,2,DeepSeek-V4-Flash,历史场景叙事,P11,5,5,3,5,1,叙事结构与感官沉浸表现卓越，文化阐释具尊重意识，但存在显著历史时代错置（如第四王朝引用《亡灵书》），且完全未体现用户画像适配。,Qwen/Qwen3.5-397B-A17B,637,False,2026-08-02T12:36:01.167499+00:00
b261d721430e,2,DeepSeek-V4-Flash,沉浸式体验设计,P06,5,5,4,5,5,该方案叙事结构完整且文化阐发深刻，针对家庭成员兴趣进行了精准的个性化角色设计，同时在文化尊重与沉浸感上表现卓越，但部分历史对话的依据略显自信。,Qwen/Qwen3.5-397B-A17B,3353,True,2026-08-02T12:36:32.150875+00:00
f2becab1eeeb,2,DeepSeek-V4-Flash,沉浸式体验设计,P11,4,5,4,5,5,方案在文化尊重与多感官沉浸设计上卓越，但存在金字塔文本年代错置的史实瑕疵，且文本结尾突兀未完成影响结构完整性。,Qwen/Qwen3.5-397B-A17B,3406,True,2026-08-02T12:35:57.480328+00:00
51d6c386cecc,2,DeepSeek-V4-Pro,博物馆导览讲解,P06,5,5,4,5,5,叙事结构完整且情感共鸣强烈，文化敏感性与沉浸感表现出色，高度适配家庭游客画像，仅个别历史人物细节存在学术争议。,Qwen/Qwen3.5-397B-A17B,1404,False,2026-08-02T12:36:03.822801+00:00
c6a5ebf19cef,2,DeepSeek-V4-Pro,博物馆导览讲解,P11,5,5,4,5,5,文本叙事完整且文化尊重度极高，个性化适配出色，但历史细节未提供具体来源线索，在严谨性上略欠一分。,Qwen/Qwen3.5-397B-A17B,1763,False,2026-08-02T12:36:08.687959+00:00
c6cb882542eb,2,DeepSeek-V4-Pro,历史场景叙事,P06,5,5,5,5,5,文本通过虚构工匠视角重构叙事，感官细节丰富且互动设计巧妙，在尊重历史多元性的同时精准适配家庭游客画像，兼具文化深度与情感温度。,Qwen/Qwen3.5-397B-A17B,1580,False,2026-08-02T12:36:18.940308+00:00
e44233f01700,2,DeepSeek-V4-Pro,历史场景叙事,P11,5,5,4,5,3,叙事与沉浸感极佳且文化尊重度高，但存在金字塔文年代错置等史实硬伤且未标注不确定性，个性化设定亦缺乏用户数据支撑。,Qwen/Qwen3.5-397B-A17B,1631,False,2026-08-02T12:36:19.230298+00:00
57356268cd4f,2,DeepSeek-V4-Pro,沉浸式体验设计,P06,5,5,4,5,5,该方案叙事结构与文化敏感性表现卓越，沉浸感与个性化适配极高，仅因个别历史引述未明确区分传说与史实而在历史准确性上略有保留。,Qwen/Qwen3.5-397B-A17B,2613,False,2026-08-02T12:36:29.157735+00:00
cceb6af9d1fb,2,DeepSeek-V4-Pro,沉浸式体验设计,P11,5,5,5,5,5,该方案叙事结构完整且富有诗意，在文化尊重与历史严谨性上表现出极高的专业自觉，同时通过多感官交互设计与细致的受众适配，完美实现了个性化沉浸体验。,Qwen/Qwen3.5-397B-A17B,2722,False,2026-08-02T12:36:12.804030+00:00
3febe5d6cff8,2,GLM-5.2,博物馆导览讲解,P06,5,5,4,5,5,文本叙事完整且情感饱满，精准适配家庭画像设计互动与隐喻，文化尊重到位且对传说与史实做了区分，沉浸体验极佳。,Qwen/Qwen3.5-397B-A17B,1540,False,2026-08-02T12:35:54.757095+00:00
4a1f41094155,2,GLM-5.2,博物馆导览讲解,P11,5,5,4,5,5,文本叙事完整且富有感染力，成功破除刻板印象并兼顾现代埃及情感，针对退休夫妇画像进行了深度适配，仅个别考古细节未标注不确定性。,Qwen/Qwen3.5-397B-A17B,1228,False,2026-08-02T12:35:54.430110+00:00
7612af898748,2,GLM-5.2,历史场景叙事,P06,5,5,5,5,5,该文本叙事结构完整且情感充沛，针对印度家庭背景进行了深度的文化适配与历史纠偏，感官细节与个性化建议均展现出极高的专业水准。,Qwen/Qwen3.5-397B-A17B,1653,False,2026-08-02T12:36:06.125150+00:00
f21db8da813b,2,GLM-5.2,历史场景叙事,P11,5,5,4,5,5,文本叙事完整且富有哲理，感官细节丰富实现了高度沉浸，精准适配了中年夫妇画像并主动纠正文化刻板印象，仅在历史不确定性的学术标注上略显保守。,Qwen/Qwen3.5-397B-A17B,1425,False,2026-08-02T12:36:13.368331+00:00
de725a603b0e,2,GLM-5.2,沉浸式体验设计,P06,5,5,4,5,5,该方案在个性化适配、沉浸感设计与文化敏感性上表现卓越，叙事结构完整且视角独特，唯历史准确性维度上对争议性传说（如黑色泰姬陵）未作不确定性标注。,Qwen/Qwen3.5-397B-A17B,2619,False,2026-08-02T12:36:04.815710+00:00
a9b0c1929609,2,GLM-5.2,沉浸式体验设计,P11,5,4,4,5,5,该方案叙事完整且沉浸感强，高度契合用户画像，但在历史不确定性标注及性别角色刻板印象的规避上仍有欠缺。,Qwen/Qwen3.5-397B-A17B,2241,False,2026-08-02T12:35:54.546328+00:00
2e025b17099c,2,Kimi-K2.7-Code,博物馆导览讲解,P06,5,5,5,5,5,叙事结构完整且文化阐释深刻，主动澄清历史谣言体现准确性，感官细节丰富，并能针对随行儿童进行内容深度与互动任务的系统适配。,Qwen/Qwen3.5-397B-A17B,1062,False,2026-08-02T12:36:03.724651+00:00
4ddfab5b5652,2,Kimi-K2.7-Code,博物馆导览讲解,P11,5,5,4,5,3,叙事结构与文化敏感性卓越，但词源学陈述缺乏不确定性标注，个性化适配仅体现于结尾问候而非内容或实用细节的系统性调整。,Qwen/Qwen3.5-397B-A17B,896,False,2026-08-02T12:36:10.108268+00:00
974275d5527d,2,Kimi-K2.7-Code,历史场景叙事,P06,5,5,4,5,5,文本叙事与沉浸感极佳且文化尊重度高，但历史细节虽准确却未明确标注史料来源或不确定性，略逊于满分标准。,Qwen/Qwen3.5-397B-A17B,2072,False,2026-08-02T12:36:12.706749+00:00
babc9f157706,2,Kimi-K2.7-Code,历史场景叙事,P11,5,5,4,5,3,叙事沉浸与文化尊重表现卓越，有效纠偏奴隶建造说，但个性化仅止于提及同行者，且胡夫时期出现金字塔文存在历史断代瑕疵。,Qwen/Qwen3.5-397B-A17B,1566,False,2026-08-02T12:35:56.513261+00:00
3b1e3ebf41a1,2,Kimi-K2.7-Code,沉浸式体验设计,P06,5,5,5,5,5,该方案叙事结构完整且文化阐释深刻，在确保历史尊重与准确性的基础上，通过多感官互动设计实现了高度沉浸，并精准适配了特定家庭画像的预算与需求。,Qwen/Qwen3.5-397B-A17B,3558,True,2026-08-02T12:35:45.836466+00:00
d15957ac65e9,2,Kimi-K2.7-Code,沉浸式体验设计,P11,5,5,5,5,5,该方案以考古实证为叙事锚点，结构完整且文化阐释深刻，针对受众画像进行了细致的节奏与交互适配，同时展现出极高的历史准确性与文化尊重。,Qwen/Qwen3.5-397B-A17B,3366,True,2026-08-02T12:35:48.693172+00:00
bd226e1b4453,2,LongCat-2.0,博物馆导览讲解,P06,5,5,4,5,4,文本叙事完整且富有感染力，文化尊重度高并主动辟谣，但在史料细节精确度与个性化适配深度上略有不足。,Qwen/Qwen3.5-397B-A17B,2280,False,2026-08-02T12:35:51.209101+00:00
e5e5d0638bad,2,LongCat-2.0,博物馆导览讲解,P11,5,5,4,5,3,叙事与文化敏感性极佳，沉浸感强，但猎户座理论未标注学术争议，且个性化仅体现于对同行者的预设假设。,Qwen/Qwen3.5-397B-A17B,2145,False,2026-08-02T12:36:52.291904+00:00
a7a74e18f3a9,2,LongCat-2.0,历史场景叙事,P06,3,5,3,5,1,沉浸感与文化尊重表现出色，但文本结尾残缺严重损害叙事完整性，部分历史专有名词准确性存疑，且完全未体现个性化适配。,Qwen/Qwen3.5-397B-A17B,2847,False,2026-08-02T12:37:04.525063+00:00
94f934673c84,2,LongCat-2.0,历史场景叙事,P11,4,5,4,5,1,文本在文化敏感性与沉浸感上表现卓越，历史细节大体准确但存在年代对应瑕疵，且结尾残缺并完全缺乏个性化适配。,Qwen/Qwen3.5-397B-A17B,2281,False,2026-08-02T12:36:45.873549+00:00
3cf442ecaa92,2,LongCat-2.0,沉浸式体验设计,P06,5,5,4,5,5,该方案叙事深刻且文化视角极具尊重，个性化与沉浸感设计卓越，唯历史准确性因未明确标注二十二间房传说的争议性而略有保留。,Qwen/Qwen3.5-397B-A17B,4216,True,2026-08-02T12:38:13.297503+00:00
31d9ccc15232,2,LongCat-2.0,沉浸式体验设计,P11,5,5,4,5,4,该方案叙事沉浸与文化尊重表现卓越，但在猎户座关联等争议性历史观点上未标注学术分歧，且未明确适配受众预算维度。,Qwen/Qwen3.5-397B-A17B,2784,False,2026-08-02T12:37:01.962553+00:00
53c0011d0d8e,2,MiniMax-M2.5,博物馆导览讲解,P06,5,4,2,5,4,叙事结构与沉浸体验出色，但将黑泰姬陵传说及工匠轶事作为信史呈现，严重损害了遗产阐释的历史准确性。,Qwen/Qwen3.5-397B-A17B,1841,False,2026-08-02T12:36:49.307670+00:00
b95ca460cb16,2,MiniMax-M2.5,博物馆导览讲解,P11,4,4,1,4,2,叙事结构完整且具沉浸感，但存在“古代啤酒罐”及虚构人物等严重史实错误，严重损害遗产旅游的核心真实性。,Qwen/Qwen3.5-397B-A17B,1535,False,2026-08-02T12:36:40.242888+00:00
57ecf0d05f1d,2,MiniMax-M2.5,历史场景叙事,P06,5,4,3,5,2,文本叙事完整且沉浸感强，但标题地理事实错误削弱了历史准确性，且未体现针对用户画像的个性化适配。,Qwen/Qwen3.5-397B-A17B,1466,False,2026-08-02T12:36:44.701284+00:00
9b9c5fd83347,2,MiniMax-M2.5,历史场景叙事,P11,5,5,3,5,1,叙事沉浸与文化尊重表现卓越，但存在科普特语使用的年代硬伤，且缺乏针对用户画像的个性化设计。,Qwen/Qwen3.5-397B-A17B,793,False,2026-08-02T12:36:43.273986+00:00
bcae5b95c245,2,MiniMax-M2.5,沉浸式体验设计,P06,5,5,4,5,5,该方案叙事结构完整且文化阐释深刻，高度适配家庭画像并设计了丰富的感官互动，仅在历史不确定性的标注与来源指引上略有欠缺。,Qwen/Qwen3.5-397B-A17B,3707,True,2026-08-02T12:36:43.935778+00:00
56465d797e61,2,MiniMax-M2.5,沉浸式体验设计,P11,5,5,4,5,5,该方案叙事结构完整且文化阐释深刻，高度尊重历史语境避免刻板印象，感官沉浸与针对退休夫妇的个性化设计出色，仅个别历史理论表述略显绝对。,Qwen/Qwen3.5-397B-A17B,3675,True,2026-08-02T12:37:16.739513+00:00
9bbefcc97069,2,Nex-N2-Pro,博物馆导览讲解,P06,1,1,1,1,1,待评文本完全空白，无任何内容可供评估，符合所有维度最低分标准。,Qwen/Qwen3.5-397B-A17B,0,False,2026-08-02T12:36:19.983408+00:00
b63d09d56828,2,Nex-N2-Pro,博物馆导览讲解,P11,5,5,5,5,3,文本叙事结构完整且文化阐释深刻，历史准确并主动破除刻板印象，沉浸感强，但个性化仅体现于称呼假设，缺乏对用户画像的系统性适配。,Qwen/Qwen3.5-397B-A17B,1143,False,2026-08-02T12:36:59.092212+00:00
40dcf7b89438,2,Nex-N2-Pro,历史场景叙事,P06,1,1,1,1,1,待评文本内容为空，无法满足任何维度的评估要求，依据量表定义各项均得最低分。,Qwen/Qwen3.5-397B-A17B,0,False,2026-08-02T12:36:28.031280+00:00
95976cd48262,2,Nex-N2-Pro,历史场景叙事,P11,1,1,1,1,1,待评文本内容为空，无法体现任何叙事、文化、历史、沉浸或个性化要素，依据量表所有维度均得 1 分。,Qwen/Qwen3.5-397B-A17B,0,False,2026-08-02T12:36:28.492043+00:00
bf5787467761,2,Nex-N2-Pro,沉浸式体验设计,P06,1,1,1,1,1,文本内容为空，依据量表定义，所有维度均符合最低分（1 分）的判定标准。,Qwen/Qwen3.5-397B-A17B,0,False,2026-08-02T12:36:25.174792+00:00
3648cd08ddf0,2,Nex-N2-Pro,沉浸式体验设计,P11,1,1,1,1,1,待评文本完全空白，符合各维度最低分锚点中关于“无内容”的描述，无法进行有效评估。,Qwen/Qwen3.5-397B-A17B,0,False,2026-08-02T12:36:27.598249+00:00
fb38041fd879,2,Pro-GLM-5.1,博物馆导览讲解,P06,5,5,4,5,5,叙事结构完整且情感共鸣强烈，个性化适配细致，但历史准确性上存在声波损害建筑等缺乏科学依据的说法。,Qwen/Qwen3.5-397B-A17B,1156,False,2026-08-02T12:36:52.864463+00:00
18bc4148c00f,2,Pro-GLM-5.1,博物馆导览讲解,P11,5,5,4,5,5,文本在叙事、文化尊重及个性化适配上表现卓越，唯历史准确性维度未对星象理论等争议点标注不确定性。,Qwen/Qwen3.5-397B-A17B,1359,False,2026-08-02T12:38:14.726878+00:00
53a77413e363,2,Pro-GLM-5.1,历史场景叙事,P06,5,5,4,5,5,叙事结构完整且感官细节丰富，针对印度女性家庭游客的个性化适配极佳，文化阐释尊重本土视角，但将历史传说作为确凿事实陈述而未标注不确定性。,Qwen/Qwen3.5-397B-A17B,1701,False,2026-08-02T12:36:51.666266+00:00
b1bad842cc72,2,Pro-GLM-5.1,历史场景叙事,P11,5,5,4,5,5,文本叙事完整、沉浸感强且个性化适配精准，文化阐释尊重深刻，但历史细节未标注学术不确定性。,Qwen/Qwen3.5-397B-A17B,1430,False,2026-08-02T12:37:47.137772+00:00
a4fae1137e4b,2,Pro-GLM-5.1,沉浸式体验设计,P06,5,5,4,5,5,叙事结构与文化尊重度极佳，个性化与沉浸感设计出色，但部分史实与传说界限模糊，未明确标注不确定性。,Qwen/Qwen3.5-397B-A17B,2539,False,2026-08-02T12:37:13.273664+00:00
74dc634e1238,2,Pro-GLM-5.1,沉浸式体验设计,P11,5,5,4,5,5,该方案叙事结构完整且文化阐释深刻，充分尊重当地语境并精准适配用户画像，沉浸感设计出色，仅在历史细节的严谨性与来源标注上略有保留。,Qwen/Qwen3.5-397B-A17B,2141,False,2026-08-02T12:37:08.545151+00:00
112509eac517,2,Pro-Kimi-K2.6,博物馆导览讲解,P06,5,5,4,5,4,文本叙事深刻且文化阐释尊重本土视角，沉浸感极佳，但在历史数据不确定性标注及个性化预算适配方面略有保留。,Qwen/Qwen3.5-397B-A17B,1321,False,2026-08-02T12:37:21.802771+00:00
55e08571ee12,2,Pro-Kimi-K2.6,博物馆导览讲解,P11,5,5,5,5,5,文本叙事结构完整且富有感染力，史实准确且主动破除刻板印象，感官细节丰富，并针对退休游客画像进行了深度的情感共鸣与内容适配。,Qwen/Qwen3.5-397B-A17B,1653,False,2026-08-02T12:37:00.738959+00:00
70dc8122a4c6,2,Pro-Kimi-K2.6,历史场景叙事,P06,5,5,4,5,5,叙事结构与沉浸感卓越，文化视角去中心化且尊重多元，但部分历史细节（如人物身份与轶事）未标注不确定性或来源，故历史准确性未达满分。,Qwen/Qwen3.5-397B-A17B,2096,False,2026-08-02T12:37:23.083967+00:00
728e259fcae4,2,Pro-Kimi-K2.6,历史场景叙事,P11,5,5,5,5,4,文本在叙事、文化敏感度、史实准确性与沉浸感上表现卓越，但个性化维度主要基于伴侣关系预设，未显式适配年龄或预算等更多画像细节。,Qwen/Qwen3.5-397B-A17B,2253,False,2026-08-02T12:37:32.049176+00:00
ddcc36dd0e06,2,Pro-Kimi-K2.6,沉浸式体验设计,P06,5,5,4,5,5,叙事结构完整且文化阐释深刻，精准适配目标画像与沉浸体验，但历史准确性维度未明确标注争议来源。,Qwen/Qwen3.5-397B-A17B,3616,True,2026-08-02T12:37:26.922887+00:00
4283d8a88ff4,2,Pro-Kimi-K2.6,沉浸式体验设计,P11,5,5,5,5,5,该文本在叙事、文化、史实、沉浸及个性化五维均达卓越水准，精准契合退休夫妇需求，仅文末截断微瑕。,Qwen/Qwen3.5-397B-A17B,3306,True,2026-08-02T12:37:30.390890+00:00
ec3d645ebab7,2,Pro-MiniMax-M2.5,博物馆导览讲解,P06,4,4,3,4,3,文本叙事完整且具人文深度，但历史称谓与术语准确性欠佳，且预设家庭受众未能体现对实际用户画像的系统性适配。,Qwen/Qwen3.5-397B-A17B,1052,False,2026-08-02T12:37:41.978646+00:00
726dec83c2b2,2,Pro-MiniMax-M2.5,博物馆导览讲解,P11,4,5,2,3,2,叙事结构完整且文化尊重度高，但存在“哈佛金字塔”等严重史实错误，且缺乏针对用户画像的个性化适配。,Qwen/Qwen3.5-397B-A17B,798,False,2026-08-02T12:37:19.840585+00:00
3988e8b5db95,2,Pro-MiniMax-M2.5,历史场景叙事,P06,4,4,1,5,1,叙事与沉浸感出色，但核心历史年代严重错误（沙贾汗卒于 1666 年而非 1754 年），且缺乏针对用户画像的个性化适配。,Qwen/Qwen3.5-397B-A17B,1447,False,2026-08-02T12:37:36.102856+00:00
60e6938e2e8b,2,Pro-MiniMax-M2.5,历史场景叙事,P11,5,5,4,5,3,叙事沉浸与文化尊重表现卓越，但历史细节未标注推测性质，且缺乏针对特定用户画像的深度适配。,Qwen/Qwen3.5-397B-A17B,1730,False,2026-08-02T12:37:20.630805+00:00
488a03b63374,2,Pro-MiniMax-M2.5,沉浸式体验设计,P06,5,5,4,5,4,叙事结构与沉浸体验设计卓越，文化阐释极具敏感性，但部分历史数据未标注争议且缺乏预算维度的个性化适配。,Qwen/Qwen3.5-397B-A17B,3415,True,2026-08-02T12:37:42.820501+00:00
44f1938b701b,2,Pro-MiniMax-M2.5,沉浸式体验设计,P11,4,4,4,5,5,方案在个性化与沉浸感设计上表现卓越，但文末突兀截断损害叙事完整性，且部分角色扮演设计存在轻微的文化浪漫化风险。,Qwen/Qwen3.5-397B-A17B,3670,True,2026-08-02T12:37:25.138586+00:00
9939916dfa1c,3,DeepSeek-V4-Flash,博物馆导览讲解,P11,5,5,3,5,3,叙事完整且沉浸感强，文化尊重到位，但部分历史细节缺乏不确定性标注，个性化适配仅停留在称呼层面。,Qwen/Qwen3.5-397B-A17B,886,False,2026-08-02T12:38:56.419149+00:00
37d34d60299d,3,DeepSeek-V4-Flash,历史场景叙事,P06,5,5,4,5,3,叙事结构与感官沉浸极佳且文化尊重到位，但历史虚构部分未明确标注不确定性，个性化适配也仅停留在表面选题而非深度定制。,Qwen/Qwen3.5-397B-A17B,1308,False,2026-08-02T12:39:03.537013+00:00
b9d1d17a5e0a,3,DeepSeek-V4-Flash,历史场景叙事,P11,5,5,3,5,1,叙事结构与感官沉浸表现出色，但存在《亡灵书》年代错置硬伤，且完全缺乏针对用户画像的个性化适配。,Qwen/Qwen3.5-397B-A17B,637,False,2026-08-02T12:39:01.625284+00:00
57356268cd4f,3,DeepSeek-V4-Pro,沉浸式体验设计,P06,5,5,4,5,5,该方案叙事结构完整且文化阐释深刻，在宗教尊重与感官沉浸上表现卓越，并系统性适配了家庭画像，仅个别历史台词的艺术化处理未明确标注不确定性。,Qwen/Qwen3.5-397B-A17B,2613,False,2026-08-02T12:39:00.093067+00:00
3febe5d6cff8,3,GLM-5.2,博物馆导览讲解,P06,5,5,4,5,5,文本叙事完整且情感充沛，针对家庭画像深度定制，文化尊重与沉浸感极佳，历史传说已做标注，整体符合高质量遗产解说标准。,Qwen/Qwen3.5-397B-A17B,1540,False,2026-08-02T12:38:58.352502+00:00
de725a603b0e,3,GLM-5.2,沉浸式体验设计,P06,5,5,4,5,5,该方案叙事视角独特且结构完整，在文化尊重、沉浸体验与个性化适配上表现卓越，唯独部分历史演绎未明确标注学术争议。,Qwen/Qwen3.5-397B-A17B,2619,False,2026-08-02T12:38:55.120118+00:00
babc9f157706,3,Kimi-K2.7-Code,历史场景叙事,P11,5,5,3,5,3,叙事沉浸与文化尊重极佳，但金字塔文用于胡夫时代存在史实硬伤，且个性化仅停留在伴侣提及而未深入适配需求。,Qwen/Qwen3.5-397B-A17B,1566,False,2026-08-02T12:39:04.456259+00:00
a5bfe3c50934,3,DeepSeek-V4-Flash,博物馆导览讲解,P06,4,4,3,4,3,叙事结构完整且具感官引导，但虚构工匠故事未标明传说性质影响历史准确性，个性化仅停留在家庭角色表面缺乏深度适配。,Qwen/Qwen3.5-397B-A17B,944,False,2026-08-02T12:51:01.188513+00:00
b261d721430e,3,DeepSeek-V4-Flash,沉浸式体验设计,P06,5,5,5,5,5,该方案叙事结构完整且文化阐释深刻，在确保历史准确与文化尊重的前提下，通过丰富的多感官互动设计与高度契合家庭画像的角色分工，实现了极佳的个性化沉浸体验。,Qwen/Qwen3.5-397B-A17B,3353,True,2026-08-02T12:51:08.163889+00:00
f2becab1eeeb,3,DeepSeek-V4-Flash,沉浸式体验设计,P11,5,5,4,5,5,方案叙事完整、沉浸感强且高度契合受众画像，文化尊重意识突出，但历史准确性维度未对争议性理论标注不确定性。,Qwen/Qwen3.5-397B-A17B,3406,True,2026-08-02T12:51:02.539039+00:00
51d6c386cecc,3,DeepSeek-V4-Pro,博物馆导览讲解,P06,5,5,4,5,5,文本叙事深刻且结构完整，文化尊重与沉浸感极佳，高度适配家庭游客画像，仅个别历史人物姓名及年代细节准确性略有瑕疵。,Qwen/Qwen3.5-397B-A17B,1404,False,2026-08-02T12:51:04.304115+00:00
c6a5ebf19cef,3,DeepSeek-V4-Pro,博物馆导览讲解,P11,5,5,4,5,5,文本叙事引人入胜且文化尊重度高，针对老年夫妻画像做了深度适配，唯独部分具体人物故事将考古典型事实与虚构细节混合，未完全明确区分。,Qwen/Qwen3.5-397B-A17B,1763,False,2026-08-02T12:51:20.896287+00:00
c6cb882542eb,3,DeepSeek-V4-Pro,历史场景叙事,P06,5,5,4,5,4,文本叙事结构与沉浸感卓越，文化视角尊重多元，但因核心人物属虚构创作且个性化适配维度未全覆盖，故在准确性与个性化上略作保留。,Qwen/Qwen3.5-397B-A17B,1580,False,2026-08-02T12:54:23.194898+00:00
e44233f01700,3,DeepSeek-V4-Pro,历史场景叙事,P11,5,5,3,5,3,叙事结构与沉浸感极佳，文化阐释尊重且深入，但存在金字塔文年代错置等史实瑕疵，且个性化仅停留在角色设定层面，缺乏对实际游客需求的适配。,Qwen/Qwen3.5-397B-A17B,1631,False,2026-08-02T12:51:16.289235+00:00
cceb6af9d1fb,3,DeepSeek-V4-Pro,沉浸式体验设计,P11,5,5,5,5,5,该方案叙事结构完整且文化阐释深刻，在确保历史尊重与社区敏感性的前提下，通过丰富的多感官交互设计精准适配了退休夫妇的身心需求与情感期待。,Qwen/Qwen3.5-397B-A17B,2722,False,2026-08-02T12:51:07.126560+00:00
4a1f41094155,3,GLM-5.2,博物馆导览讲解,P11,5,5,4,5,5,叙事结构完整且文化尊重度高，针对退休夫妇的个性化设计与沉浸感出色，唯独历史细节虽大体准确但未明确标注学术不确定性。,Qwen/Qwen3.5-397B-A17B,1228,False,2026-08-02T12:54:04.672675+00:00
7612af898748,3,GLM-5.2,历史场景叙事,P06,5,5,4,5,5,文本在叙事沉浸感与个性化定制上表现卓越，文化视角尊重且去刻板化，唯独历史争议点未显式标注不确定性。,Qwen/Qwen3.5-397B-A17B,1653,False,2026-08-02T12:51:03.041687+00:00
f21db8da813b,3,GLM-5.2,历史场景叙事,P11,5,5,4,5,5,文本虽在叙事、文化尊重及个性化方面表现卓越，但未能按最高标准标注历史不确定性或来源线索，因此历史准确性维度评为 4 分。,Qwen/Qwen3.5-397B-A17B,1425,False,2026-08-02T12:51:18.720033+00:00
a9b0c1929609,3,GLM-5.2,沉浸式体验设计,P11,5,5,4,5,5,该方案叙事完整且文化尊重意识卓越，沉浸感与个性化适配细致入微，唯历史不确定性的标注与来源线索略显不足。,Qwen/Qwen3.5-397B-A17B,2241,False,2026-08-02T12:51:40.934795+00:00
2e025b17099c,3,Kimi-K2.7-Code,博物馆导览讲解,P06,5,5,5,5,5,该文本叙事结构完整且情感充沛，主动破除刻板印象并尊重当地工匠，史实准确且感官细节丰富，同时针对家庭游客中的儿童进行了系统性的内容适配。,Qwen/Qwen3.5-397B-A17B,1062,False,2026-08-02T12:51:00.997853+00:00
4ddfab5b5652,3,Kimi-K2.7-Code,博物馆导览讲解,P11,5,5,4,5,4,叙事沉浸与文化敏感性表现卓越，但金字塔词源解释存在学术争议未标注，且个性化虽契合退休主题但缺乏行程节奏等实用细节适配。,Qwen/Qwen3.5-397B-A17B,896,False,2026-08-02T12:51:24.095256+00:00
974275d5527d,3,Kimi-K2.7-Code,历史场景叙事,P06,5,5,4,5,5,该文本叙事视角独特且文化阐释深刻，感官沉浸感强，历史细节准确但未标注争议，同时高度适配家庭游客的个性化需求。,Qwen/Qwen3.5-397B-A17B,2072,False,2026-08-02T12:51:12.167053+00:00
3b1e3ebf41a1,3,Kimi-K2.7-Code,沉浸式体验设计,P06,5,5,4,5,5,该方案在叙事、文化敏感性及个性化设计上表现卓越，唯历史来源线索的具体标注可进一步完善。,Qwen/Qwen3.5-397B-A17B,3558,True,2026-08-02T12:51:32.518846+00:00
d15957ac65e9,3,Kimi-K2.7-Code,沉浸式体验设计,P11,5,5,5,5,5,该方案以考古实证为叙事锚点，结构完整且深度契合目标画像，在文化尊重、历史准确性及感官沉浸设计上均表现出卓越的专业水准。,Qwen/Qwen3.5-397B-A17B,3366,True,2026-08-02T12:51:16.656296+00:00
bd226e1b4453,3,LongCat-2.0,博物馆导览讲解,P06,5,5,4,5,5,叙事结构完整且情感充沛，文化阐释尊重多元，个性化适配家庭场景出色，但存在青金石产地等史实细节瑕疵。,Qwen/Qwen3.5-397B-A17B,2280,False,2026-08-02T12:51:14.171122+00:00
e5e5d0638bad,3,LongCat-2.0,博物馆导览讲解,P11,5,5,4,5,3,叙事结构与文化敏感性极佳且主动纠正奴隶迷思，但天文学理论存在学术争议未标注不确定性，且个性化适配仅体现于个别称呼缺乏系统性。,Qwen/Qwen3.5-397B-A17B,2145,False,2026-08-02T12:51:21.868672+00:00
a7a74e18f3a9,3,LongCat-2.0,历史场景叙事,P06,4,5,3,5,2,叙事沉浸感与文化尊重极佳，但结尾残缺影响完整性，历史细节混入传说且未标注，亦无个性化适配。,Qwen/Qwen3.5-397B-A17B,2847,False,2026-08-02T12:51:16.234239+00:00
94f934673c84,3,LongCat-2.0,历史场景叙事,P11,4,5,4,5,1,文本沉浸感与文化敏感性极佳，准确纠正了奴隶建造金字塔的误区，但叙事结尾残缺、未标注历史不确定性且完全缺乏针对用户画像的个性化适配。,Qwen/Qwen3.5-397B-A17B,2281,False,2026-08-02T12:51:24.117661+00:00
3cf442ecaa92,3,LongCat-2.0,沉浸式体验设计,P06,5,5,5,5,5,该方案叙事结构完整且文化阐发深入，针对特定家庭画像进行了系统的角色与内容适配，并在历史准确性标注与沉浸感设计上表现卓越。,Qwen/Qwen3.5-397B-A17B,4216,True,2026-08-02T12:50:49.113624+00:00
31d9ccc15232,3,LongCat-2.0,沉浸式体验设计,P11,5,5,4,5,5,该方案叙事结构完整且文化阐释深刻，虽在天文细节上存在微小瑕疵，但整体严谨标注历史不确定性并规避刻板印象，通过多感官互动与精准受众适配实现了高度沉浸与个性化。,Qwen/Qwen3.5-397B-A17B,2784,False,2026-08-02T12:51:33.047302+00:00
53c0011d0d8e,3,MiniMax-M2.5,博物馆导览讲解,P06,4,3,2,4,3,叙事流畅且沉浸感佳，但严重混淆史实与传说（如黑色陵墓计划、虚构石匠故事），违背文化遗产旅游的真实性原则。,Qwen/Qwen3.5-397B-A17B,1841,False,2026-08-02T12:51:13.397857+00:00
b95ca460cb16,3,MiniMax-M2.5,博物馆导览讲解,P11,4,4,2,4,2,叙事结构完整且具感染力，但历史细节存在疑似杜撰内容，且缺乏基于用户画像的真正个性化适配。,Qwen/Qwen3.5-397B-A17B,1535,False,2026-08-02T12:50:59.933010+00:00
57ecf0d05f1d,3,MiniMax-M2.5,历史场景叙事,P06,5,4,3,5,3,叙事结构与沉浸感出色，但存在大理石产地及河流名称等关键史实错误与文化泛化表述，且个性化适配仅停留在通用层面。,Qwen/Qwen3.5-397B-A17B,1466,False,2026-08-02T12:51:45.751295+00:00
9b9c5fd83347,3,MiniMax-M2.5,历史场景叙事,P11,5,5,3,5,1,叙事沉浸与文化尊重表现优异，但存在科普特语使用的历史硬伤，且完全未针对用户画像进行个性化适配。,Qwen/Qwen3.5-397B-A17B,793,False,2026-08-02T12:51:32.891486+00:00
bcae5b95c245,3,MiniMax-M2.5,沉浸式体验设计,P06,5,5,4,5,5,方案叙事完整且文化阐释深刻，针对家庭画像设计了系统的角色互动与感官体验，虽历史不确定性标注略有不足，但整体在沉浸感与个性化适配上表现卓越。,Qwen/Qwen3.5-397B-A17B,3707,True,2026-08-02T12:51:47.116250+00:00
56465d797e61,3,MiniMax-M2.5,沉浸式体验设计,P11,5,5,5,5,5,该方案叙事结构严谨且文化阐释深刻，在尊重遗产原真性与历史语境的同时，通过多感官交互与精准的画像适配实现了卓越的沉浸体验。,Qwen/Qwen3.5-397B-A17B,3675,True,2026-08-02T12:52:08.888759+00:00
9bbefcc97069,3,Nex-N2-Pro,博物馆导览讲解,P06,1,1,1,1,1,待评文本为空，无法体现任何叙事、文化、历史、沉浸或个性化要素，依据量表所有维度均得最低分。,Qwen/Qwen3.5-397B-A17B,0,False,2026-08-02T12:51:16.249714+00:00
b63d09d56828,3,Nex-N2-Pro,博物馆导览讲解,P11,5,5,5,5,4,文本叙事完整、历史准确且具文化敏感性，沉浸感强，但个性化仅适配同行者身份，缺乏对年龄或预算的系统性调整。,Qwen/Qwen3.5-397B-A17B,1143,False,2026-08-02T12:52:14.621421+00:00
40dcf7b89438,3,Nex-N2-Pro,历史场景叙事,P06,1,1,1,1,1,待评文本内容为空，完全符合各维度最低分锚点描述，无法进行实质性评估。,Qwen/Qwen3.5-397B-A17B,0,False,2026-08-02T12:51:20.142806+00:00
95976cd48262,3,Nex-N2-Pro,历史场景叙事,P11,1,1,1,1,1,待评文本为空，缺乏任何实质内容以供评估，因此所有维度均按量表最低标准打分。,Qwen/Qwen3.5-397B-A17B,0,False,2026-08-02T12:51:22.477965+00:00
bf5787467761,3,Nex-N2-Pro,沉浸式体验设计,P06,1,1,1,1,1,待评文本内容为空，无法在任何维度上满足评估标准，故所有指标均按最低分评定。,Qwen/Qwen3.5-397B-A17B,0,False,2026-08-02T12:51:22.720770+00:00
3648cd08ddf0,3,Nex-N2-Pro,沉浸式体验设计,P11,1,1,1,1,1,待评文本为空，缺乏任何实质内容，无法依据量表标准进行评估，故所有维度均得最低分。,Qwen/Qwen3.5-397B-A17B,0,False,2026-08-02T12:51:36.243399+00:00
fb38041fd879,3,Pro-GLM-5.1,博物馆导览讲解,P06,5,5,4,5,5,叙事结构完整且文化阐释深刻，针对家庭画像的个性化互动设计出色，但声波损害等保护常识缺乏科学依据。,Qwen/Qwen3.5-397B-A17B,1156,False,2026-08-02T12:54:52.660960+00:00
18bc4148c00f,3,Pro-GLM-5.1,博物馆导览讲解,P11,5,5,4,5,5,叙事结构与个性化适配极佳，文化尊重度高，但将争议性的天文对齐理论及部分工匠细节作为确凿事实陈述，略损历史严谨性。,Qwen/Qwen3.5-397B-A17B,1359,False,2026-08-02T12:52:31.983663+00:00
53a77413e363,3,Pro-GLM-5.1,历史场景叙事,P06,5,5,4,5,5,叙事结构完整且文化阐释深刻，高度尊重印度本土视角并精准适配家庭游客画像，沉浸感极佳，仅部分历史传说未明确标注不确定性。,Qwen/Qwen3.5-397B-A17B,1701,False,2026-08-02T12:51:51.911864+00:00
b1bad842cc72,3,Pro-GLM-5.1,历史场景叙事,P11,5,5,4,5,5,该文本叙事完整、文化尊重度高且沉浸感强，并深度适配用户画像，仅因历史重构细节未明确标注推测性而略扣准确性分数。,Qwen/Qwen3.5-397B-A17B,1430,False,2026-08-02T12:52:01.599267+00:00
a4fae1137e4b,3,Pro-GLM-5.1,沉浸式体验设计,P06,5,5,3,5,5,叙事结构完整且沉浸感强，个性化适配出色，但将“黑泰姬”等争议传说作为史实呈现且未标注不确定性，影响了历史严谨性。,Qwen/Qwen3.5-397B-A17B,2539,False,2026-08-02T12:51:59.097754+00:00
74dc634e1238,3,Pro-GLM-5.1,沉浸式体验设计,P11,5,5,4,5,5,该方案叙事深刻且文化尊重度极高，个性化适配周全，仅因个别天文史实与文化细节（如北极星年代、诗歌名称）存在瑕疵而未在历史准确性上得满分。,Qwen/Qwen3.5-397B-A17B,2141,False,2026-08-02T12:52:17.853184+00:00
112509eac517,3,Pro-Kimi-K2.6,博物馆导览讲解,P06,5,5,4,5,4,叙事结构与沉浸感卓越，文化尊重度高，但“印度母亲”等表述存在时代错置，且个性化仅体现在儿童互动上，缺乏对知识背景与预算的系统性适配。,Qwen/Qwen3.5-397B-A17B,1321,False,2026-08-02T12:52:19.813304+00:00
55e08571ee12,3,Pro-Kimi-K2.6,博物馆导览讲解,P11,5,5,5,5,5,叙事结构完整且文化阐释深刻，准确纠正了奴隶建造说并尊重现代埃及语境，历史细节详实，感官与情感沉浸感强，且针对退休游客画像进行了深度的主题适配。,Qwen/Qwen3.5-397B-A17B,1653,False,2026-08-02T12:52:02.914459+00:00
70dc8122a4c6,3,Pro-Kimi-K2.6,历史场景叙事,P06,5,5,4,5,5,文本叙事与文化敏感性表现卓越，沉浸感与个性化适配极佳，但因使用历史公主名讳作为虚构角色可能存在指代歧义，故历史准确性稍有保留。,Qwen/Qwen3.5-397B-A17B,2096,False,2026-08-02T12:52:35.308587+00:00
728e259fcae4,3,Pro-Kimi-K2.6,历史场景叙事,P11,5,5,5,5,5,叙事结构完整且文化阐释深刻，主动纠偏历史刻板印象，感官细节丰富，并针对情侣画像进行了深度的主题适配与情感连接。,Qwen/Qwen3.5-397B-A17B,2253,False,2026-08-02T12:52:05.538871+00:00
ddcc36dd0e06,3,Pro-Kimi-K2.6,沉浸式体验设计,P06,5,5,5,5,5,该方案叙事隐喻连贯且文化视角本土化，在历史细腻处理与多感官沉浸设计上表现卓越，并精准适配了家庭画像的多重需求。,Qwen/Qwen3.5-397B-A17B,3616,True,2026-08-02T12:52:05.015225+00:00
4283d8a88ff4,3,Pro-Kimi-K2.6,沉浸式体验设计,P11,5,5,5,5,5,该方案叙事结构完整且文化立场端正，不仅准确规避了东方主义刻板印象，更通过多感官技术与细致的受众适配，完美契合了退休夫妇对深度与舒适度的双重需求。,Qwen/Qwen3.5-397B-A17B,3306,True,2026-08-02T12:52:34.581873+00:00
ec3d645ebab7,3,Pro-MiniMax-M2.5,博物馆导览讲解,P06,4,4,3,4,3,叙事流畅且具人文关怀，但泰戈尔名言等史实未标注争议，且个性化仅针对泛化群体而非具体用户画像。,Qwen/Qwen3.5-397B-A17B,1052,False,2026-08-02T12:52:19.012397+00:00
726dec83c2b2,3,Pro-MiniMax-M2.5,博物馆导览讲解,P11,4,4,2,4,1,叙事流畅且具文化尊重，但存在“哈佛金字塔”等严重史实硬伤，且完全缺乏针对用户画像的个性化适配。,Qwen/Qwen3.5-397B-A17B,798,False,2026-08-02T12:52:20.709422+00:00
3988e8b5db95,3,Pro-MiniMax-M2.5,历史场景叙事,P06,5,3,2,5,2,叙事结构与沉浸体验卓越，但历史年代存在严重硬伤，文化阐释过度依赖浪漫化叙事，且缺乏针对用户画像的实质性适配。,Qwen/Qwen3.5-397B-A17B,1447,False,2026-08-02T12:52:30.095826+00:00
60e6938e2e8b,3,Pro-MiniMax-M2.5,历史场景叙事,P11,5,5,3,5,3,叙事沉浸与文化阐释极佳且尊重度高，但历史细节未标注不确定性且缺乏针对特定用户画像的系统性适配。,Qwen/Qwen3.5-397B-A17B,1730,False,2026-08-02T12:52:13.993461+00:00
488a03b63374,3,Pro-MiniMax-M2.5,沉浸式体验设计,P06,5,5,4,5,4,叙事深度与文化尊重表现卓越，但部分历史数据未标注不确定性且缺失预算适配细节，故在准确性与个性化上给予保留。,Qwen/Qwen3.5-397B-A17B,3415,True,2026-08-02T12:52:25.971123+00:00
44f1938b701b,3,Pro-MiniMax-M2.5,沉浸式体验设计,P11,4,4,4,5,5,该方案个性化与沉浸感设计卓越，但文本结尾缺失及乐器年代考据瑕疵影响了叙事完整性与历史严谨度。,Qwen/Qwen3.5-397B-A17B,3670,True,2026-08-02T12:52:26.473883+00:00
