response_id,model,task,sensory_count,emotional_count,tech_count
abe491e4dfec,LongCat-2.0,博物馆导览讲解,14,0,0
7abf1afcb13a,LongCat-2.0,历史场景叙事,3,0,0
a910c2804726,LongCat-2.0,沉浸式体验设计,9,4,9
b1da5a36c090,LongCat-2.0,博物馆导览讲解,15,1,0
75e0305e96f6,LongCat-2.0,历史场景叙事,9,0,0
b4a5c452e671,LongCat-2.0,沉浸式体验设计,3,0,7
a649d383f6fc,LongCat-2.0,博物馆导览讲解,0,0,0
d7bcd4aa43be,LongCat-2.0,历史场景叙事,1,0,0
c387794033e5,LongCat-2.0,沉浸式体验设计,5,0,11
09d8b65cfb8e,LongCat-2.0,博物馆导览讲解,5,2,0
9e7b5db0b3e6,LongCat-2.0,历史场景叙事,12,5,0
1740f71453f3,LongCat-2.0,沉浸式体验设计,0,0,16
c638948c6ea8,LongCat-2.0,博物馆导览讲解,0,0,0
a20efd3ab456,LongCat-2.0,历史场景叙事,9,1,0
9b75e4f41d1b,LongCat-2.0,沉浸式体验设计,10,0,14
b2df31c89406,LongCat-2.0,博物馆导览讲解,5,0,0
85696439e217,LongCat-2.0,历史场景叙事,12,0,0
5cf3394abff0,LongCat-2.0,沉浸式体验设计,1,0,17
1081b2fefe22,LongCat-2.0,博物馆导览讲解,3,1,0
d09c103f7efb,LongCat-2.0,历史场景叙事,3,0,0
4cd25180c555,LongCat-2.0,沉浸式体验设计,9,2,22
39b75ba71a6d,LongCat-2.0,博物馆导览讲解,4,1,0
cf999dfd78db,LongCat-2.0,历史场景叙事,8,3,0
5a7ab0b80d9d,LongCat-2.0,沉浸式体验设计,6,1,12
53be63e9196b,LongCat-2.0,博物馆导览讲解,2,1,0
482af2c80fbd,LongCat-2.0,历史场景叙事,6,1,0
29c23ebf4a19,LongCat-2.0,沉浸式体验设计,5,0,4
154c5af6a91b,LongCat-2.0,博物馆导览讲解,14,0,0
5e45f83d9f51,LongCat-2.0,历史场景叙事,13,0,0
7aa0ab6abe6e,LongCat-2.0,沉浸式体验设计,3,0,8
755f9db45c7b,LongCat-2.0,博物馆导览讲解,2,1,0
9870c50c50c3,LongCat-2.0,历史场景叙事,9,1,0
22d832f5c046,LongCat-2.0,沉浸式体验设计,9,3,8
2ae93a537f33,LongCat-2.0,博物馆导览讲解,2,1,0
3c87e6844b49,LongCat-2.0,历史场景叙事,20,0,0
582e4785f105,LongCat-2.0,沉浸式体验设计,4,0,6
551fe23b8ddc,GLM-5.2,博物馆导览讲解,6,0,0
fcdfcc210c01,GLM-5.2,历史场景叙事,11,0,0
2aea162482dd,GLM-5.2,沉浸式体验设计,8,1,8
036a8a4a3dda,GLM-5.2,博物馆导览讲解,7,2,0
3a6ad4aa3a44,GLM-5.2,历史场景叙事,8,1,0
d61440f30d8f,GLM-5.2,沉浸式体验设计,7,4,11
80ef37f7e6f8,GLM-5.2,博物馆导览讲解,6,2,0
0d87d1443a2c,GLM-5.2,历史场景叙事,17,0,0
2970262db7e2,GLM-5.2,沉浸式体验设计,8,0,14
c942063b02d5,GLM-5.2,博物馆导览讲解,7,0,0
5cb58fc9abcd,GLM-5.2,历史场景叙事,6,1,0
c0b2c9dd02af,GLM-5.2,沉浸式体验设计,10,1,17
8a5267dd48b8,GLM-5.2,博物馆导览讲解,8,0,0
ba6980e41266,GLM-5.2,历史场景叙事,9,2,0
2192ffd3385f,GLM-5.2,沉浸式体验设计,7,1,16
94caab87449f,GLM-5.2,博物馆导览讲解,13,2,0
d8ddbb68918d,GLM-5.2,历史场景叙事,13,0,0
b32dce1e5c44,GLM-5.2,沉浸式体验设计,11,4,19
043362459d0c,GLM-5.2,博物馆导览讲解,7,0,0
294a49aee97c,GLM-5.2,历史场景叙事,12,1,0
721b1e1be672,GLM-5.2,沉浸式体验设计,7,0,10
cb18753dd01e,GLM-5.2,博物馆导览讲解,9,1,0
91866d706441,GLM-5.2,历史场景叙事,6,2,0
0d49120897d8,GLM-5.2,沉浸式体验设计,9,3,15
a80bb6f9b116,GLM-5.2,博物馆导览讲解,16,4,2
509ac649cfae,GLM-5.2,历史场景叙事,8,1,0
9b94f7e61566,GLM-5.2,沉浸式体验设计,4,1,12
69e407a14d37,GLM-5.2,博物馆导览讲解,11,0,0
f837a19c616e,GLM-5.2,历史场景叙事,13,0,0
28744f16944f,GLM-5.2,沉浸式体验设计,18,1,12
afdf0242e897,GLM-5.2,博物馆导览讲解,6,1,0
0223cbd7e9b6,GLM-5.2,历史场景叙事,10,2,0
7cccbb1ebdd6,GLM-5.2,沉浸式体验设计,10,1,15
63153b5d2f00,GLM-5.2,博物馆导览讲解,7,2,0
f324a6f12136,GLM-5.2,历史场景叙事,7,0,0
f6125a7b0510,GLM-5.2,沉浸式体验设计,10,2,13
e636e67830a1,Kimi-K2.7-Code,博物馆导览讲解,5,0,0
980bfec4f863,Kimi-K2.7-Code,历史场景叙事,5,0,0
982a3477b67a,Kimi-K2.7-Code,沉浸式体验设计,10,0,29
d6799baf388c,Kimi-K2.7-Code,博物馆导览讲解,5,0,0
e7064299338f,Kimi-K2.7-Code,历史场景叙事,7,0,0
7ebb499b3763,Kimi-K2.7-Code,沉浸式体验设计,4,1,12
464ed49bcbf2,Kimi-K2.7-Code,博物馆导览讲解,8,0,0
9f8126dd44d5,Kimi-K2.7-Code,历史场景叙事,9,2,1
3e15f53c5e25,Kimi-K2.7-Code,沉浸式体验设计,9,0,23
930737b0cfde,Kimi-K2.7-Code,博物馆导览讲解,7,1,0
d3354379e2da,Kimi-K2.7-Code,历史场景叙事,5,0,0
33e7623784aa,Kimi-K2.7-Code,沉浸式体验设计,3,4,25
0e7e2c5928c1,Kimi-K2.7-Code,博物馆导览讲解,6,0,1
783fb756274d,Kimi-K2.7-Code,历史场景叙事,3,0,0
afa731288f9e,Kimi-K2.7-Code,沉浸式体验设计,10,0,19
7f749f684f2a,Kimi-K2.7-Code,博物馆导览讲解,3,0,0
8e935bdb8966,Kimi-K2.7-Code,历史场景叙事,13,1,0
8860c142fb34,Kimi-K2.7-Code,沉浸式体验设计,8,2,16
a0b031de576c,Kimi-K2.7-Code,博物馆导览讲解,6,0,0
d51c77b3c96e,Kimi-K2.7-Code,历史场景叙事,6,0,0
d6de44524801,Kimi-K2.7-Code,沉浸式体验设计,10,0,16
67038910ea90,Kimi-K2.7-Code,博物馆导览讲解,11,0,0
0523dafe341e,Kimi-K2.7-Code,历史场景叙事,6,0,0
d8b31579912e,Kimi-K2.7-Code,沉浸式体验设计,9,6,27
a3db0f8a3c94,Kimi-K2.7-Code,博物馆导览讲解,6,1,0
1d2afceff879,Kimi-K2.7-Code,历史场景叙事,4,1,0
89f025b51cb7,Kimi-K2.7-Code,沉浸式体验设计,16,2,17
25c2f2abe3e5,Kimi-K2.7-Code,博物馆导览讲解,11,0,0
261c309dd692,Kimi-K2.7-Code,历史场景叙事,17,1,0
341fdfd3bad0,Kimi-K2.7-Code,沉浸式体验设计,13,3,18
1bad7daa3d54,Kimi-K2.7-Code,博物馆导览讲解,4,1,0
72fc81c84dd0,Kimi-K2.7-Code,历史场景叙事,5,3,0
57214298398f,Kimi-K2.7-Code,沉浸式体验设计,8,7,23
efd692be49e1,Kimi-K2.7-Code,博物馆导览讲解,6,2,0
750c66465d95,Kimi-K2.7-Code,历史场景叙事,10,1,0
c0d91de3d322,Kimi-K2.7-Code,沉浸式体验设计,10,0,16
ad23878edbe8,DeepSeek-V4-Pro,博物馆导览讲解,7,1,0
b3165688025d,DeepSeek-V4-Pro,历史场景叙事,6,0,0
debe58c13311,DeepSeek-V4-Pro,沉浸式体验设计,10,1,27
b86fa7cbd4f1,DeepSeek-V4-Pro,博物馆导览讲解,3,1,1
9d5ea3d334bd,DeepSeek-V4-Pro,沉浸式体验设计,3,2,20
4d34935f2d4b,DeepSeek-V4-Pro,博物馆导览讲解,4,1,0
be2ddfb7f9e5,DeepSeek-V4-Pro,沉浸式体验设计,6,3,26
e0d48cca9b72,DeepSeek-V4-Pro,博物馆导览讲解,10,2,0
1fb315375044,DeepSeek-V4-Pro,历史场景叙事,10,0,0
a1e84fc6622e,DeepSeek-V4-Pro,沉浸式体验设计,3,0,38
f26740bbd051,DeepSeek-V4-Pro,博物馆导览讲解,10,0,0
7fbeb69a0ca0,DeepSeek-V4-Pro,历史场景叙事,11,0,0
a923b506befe,DeepSeek-V4-Pro,沉浸式体验设计,10,2,19
3e31cab2a324,DeepSeek-V4-Pro,博物馆导览讲解,6,0,0
f66d558869a8,DeepSeek-V4-Pro,历史场景叙事,8,0,0
96534aab2a68,DeepSeek-V4-Pro,沉浸式体验设计,9,1,31
8b4a1b59e28a,DeepSeek-V4-Pro,博物馆导览讲解,9,0,0
5130aabfbcb6,DeepSeek-V4-Pro,历史场景叙事,11,0,0
f3643bc4d79f,DeepSeek-V4-Pro,沉浸式体验设计,6,0,24
efefcc9a8ce7,DeepSeek-V4-Pro,博物馆导览讲解,18,2,0
c094664055e0,DeepSeek-V4-Pro,历史场景叙事,6,0,0
3c1bebfff42c,DeepSeek-V4-Pro,沉浸式体验设计,8,1,30
3460139b9bc4,DeepSeek-V4-Pro,博物馆导览讲解,7,2,0
15cc98a2dac9,DeepSeek-V4-Pro,历史场景叙事,13,4,0
f16d0cd49fab,DeepSeek-V4-Pro,沉浸式体验设计,6,2,21
d8ef2a5c9eaa,DeepSeek-V4-Pro,博物馆导览讲解,11,0,0
f23cfdd30d9e,DeepSeek-V4-Pro,历史场景叙事,20,0,0
be10104a456f,DeepSeek-V4-Pro,沉浸式体验设计,6,1,26
c1d9159a6406,DeepSeek-V4-Pro,博物馆导览讲解,3,0,0
2e93125716f9,DeepSeek-V4-Pro,历史场景叙事,13,0,0
6d4b5fcc53a5,DeepSeek-V4-Pro,沉浸式体验设计,8,3,19
233ac955a4ba,DeepSeek-V4-Pro,博物馆导览讲解,6,1,0
631b281e7b0a,DeepSeek-V4-Pro,历史场景叙事,15,1,0
db0d27efc02a,DeepSeek-V4-Pro,沉浸式体验设计,13,2,14
96de426a853e,DeepSeek-V4-Flash,博物馆导览讲解,6,0,0
d06e23c32651,DeepSeek-V4-Flash,历史场景叙事,8,0,0
85139f021057,DeepSeek-V4-Flash,沉浸式体验设计,6,0,24
6ad6f14a9806,DeepSeek-V4-Flash,博物馆导览讲解,3,0,0
0d7c9c157210,DeepSeek-V4-Flash,历史场景叙事,10,1,0
e5819c8125bd,DeepSeek-V4-Flash,沉浸式体验设计,6,0,27
34ab7ddb4269,DeepSeek-V4-Flash,博物馆导览讲解,0,0,0
1aecc8f33356,DeepSeek-V4-Flash,历史场景叙事,4,0,0
97165235ddd6,DeepSeek-V4-Flash,沉浸式体验设计,5,2,20
9e120c84dfe7,DeepSeek-V4-Flash,博物馆导览讲解,6,0,0
0617e23e090a,DeepSeek-V4-Flash,历史场景叙事,1,0,1
c048d79ecb0d,DeepSeek-V4-Flash,沉浸式体验设计,6,1,35
945281ec4929,DeepSeek-V4-Flash,博物馆导览讲解,6,0,0
155d5748f9bf,DeepSeek-V4-Flash,历史场景叙事,6,0,0
165eaa6a895e,DeepSeek-V4-Flash,沉浸式体验设计,9,0,25
a6f0c890b216,DeepSeek-V4-Flash,博物馆导览讲解,8,3,0
b382e1ecf87d,DeepSeek-V4-Flash,历史场景叙事,6,1,0
4be2d47af353,DeepSeek-V4-Flash,沉浸式体验设计,8,0,20
3bd0287678b2,DeepSeek-V4-Flash,博物馆导览讲解,4,0,0
8def91be5c58,DeepSeek-V4-Flash,历史场景叙事,1,0,0
5fdf20db6899,DeepSeek-V4-Flash,沉浸式体验设计,11,2,15
df0f9beb8034,DeepSeek-V4-Flash,博物馆导览讲解,3,1,0
d0f3156e085e,DeepSeek-V4-Flash,历史场景叙事,5,1,0
d037286eb32d,DeepSeek-V4-Flash,沉浸式体验设计,4,2,27
6d798e8994d5,DeepSeek-V4-Flash,博物馆导览讲解,3,1,0
e5796f5b1a30,DeepSeek-V4-Flash,历史场景叙事,10,2,0
3e0121031fd8,DeepSeek-V4-Flash,沉浸式体验设计,17,6,16
e1c0a6545c7e,DeepSeek-V4-Flash,博物馆导览讲解,8,1,0
63f33f99634f,DeepSeek-V4-Flash,历史场景叙事,10,1,0
f814fe079a7f,DeepSeek-V4-Flash,沉浸式体验设计,9,2,21
0829a952ab51,DeepSeek-V4-Flash,博物馆导览讲解,3,0,0
69eaeb1942ed,DeepSeek-V4-Flash,历史场景叙事,4,0,0
bc417a34577c,DeepSeek-V4-Flash,沉浸式体验设计,9,0,15
7ef0c5dce4cc,DeepSeek-V4-Flash,博物馆导览讲解,2,0,0
180b1c35f225,DeepSeek-V4-Flash,历史场景叙事,8,1,0
aefc05d29a32,DeepSeek-V4-Flash,沉浸式体验设计,6,2,20
0b6b33bf51c8,Pro-Kimi-K2.6,博物馆导览讲解,7,1,0
bf28641cdacf,Pro-Kimi-K2.6,历史场景叙事,3,0,1
1c4432eb5850,Pro-Kimi-K2.6,沉浸式体验设计,5,1,21
204fe957d2f7,Pro-Kimi-K2.6,博物馆导览讲解,6,0,0
591c025b2a7c,Pro-Kimi-K2.6,历史场景叙事,10,0,0
b9567ce40698,Pro-Kimi-K2.6,沉浸式体验设计,7,0,10
d16d3be1e362,Pro-Kimi-K2.6,博物馆导览讲解,5,0,0
cc3097c42b52,Pro-Kimi-K2.6,历史场景叙事,9,1,0
854b18d86f8b,Pro-Kimi-K2.6,沉浸式体验设计,2,0,18
6f74ba452775,Pro-Kimi-K2.6,博物馆导览讲解,6,0,0
ec777615fb32,Pro-Kimi-K2.6,历史场景叙事,5,0,0
c314350047aa,Pro-Kimi-K2.6,沉浸式体验设计,7,1,24
485a20f89466,Pro-Kimi-K2.6,博物馆导览讲解,9,1,0
7c81c959d63b,Pro-Kimi-K2.6,历史场景叙事,6,0,0
3549785e74df,Pro-Kimi-K2.6,沉浸式体验设计,14,1,23
1ed67e57f1b4,Pro-Kimi-K2.6,博物馆导览讲解,10,1,0
c51ba961f9bd,Pro-Kimi-K2.6,历史场景叙事,12,0,0
0c0b051c7dcd,Pro-Kimi-K2.6,沉浸式体验设计,6,2,23
826825b7c644,Pro-Kimi-K2.6,博物馆导览讲解,3,0,0
9372c9071c68,Pro-Kimi-K2.6,历史场景叙事,14,0,0
f88a343aa083,Pro-Kimi-K2.6,沉浸式体验设计,14,1,16
9c1f0dada585,Pro-Kimi-K2.6,博物馆导览讲解,8,0,0
47d1cd05f1c6,Pro-Kimi-K2.6,历史场景叙事,6,1,0
a6d8568d8ddb,Pro-Kimi-K2.6,沉浸式体验设计,15,2,27
f845adc8c4cb,Pro-Kimi-K2.6,博物馆导览讲解,3,0,0
b3f3916749a3,Pro-Kimi-K2.6,历史场景叙事,13,0,0
98fabc111f34,Pro-Kimi-K2.6,沉浸式体验设计,13,1,19
bbce680ad773,Pro-Kimi-K2.6,博物馆导览讲解,13,0,0
f40ebfe46220,Pro-Kimi-K2.6,历史场景叙事,5,0,0
0454b459b51a,Pro-Kimi-K2.6,沉浸式体验设计,11,2,18
cc2b4cc59c6c,Pro-Kimi-K2.6,博物馆导览讲解,0,0,0
88e963cc06ce,Pro-Kimi-K2.6,历史场景叙事,4,2,0
310151d26d8c,Pro-Kimi-K2.6,沉浸式体验设计,9,2,16
c1f26752ed62,Pro-Kimi-K2.6,博物馆导览讲解,4,0,0
ef27511ad59e,Pro-Kimi-K2.6,历史场景叙事,3,0,0
3c48650aaf1c,Pro-Kimi-K2.6,沉浸式体验设计,9,0,10
f1b57e060efe,Pro-GLM-5.1,博物馆导览讲解,7,0,0
ffce1649e82a,Pro-GLM-5.1,历史场景叙事,5,0,0
23051605633a,Pro-GLM-5.1,沉浸式体验设计,10,0,14
ebb3eee2bce0,Pro-GLM-5.1,博物馆导览讲解,9,2,0
78ae56656bc2,Pro-GLM-5.1,历史场景叙事,11,0,0
73dbab8ee8fe,Pro-GLM-5.1,沉浸式体验设计,16,1,13
f4fd00170059,Pro-GLM-5.1,博物馆导览讲解,7,1,0
6c618e195e36,Pro-GLM-5.1,历史场景叙事,8,0,0
eaf89dfc314f,Pro-GLM-5.1,沉浸式体验设计,10,1,22
5f20d096b6ee,Pro-GLM-5.1,博物馆导览讲解,8,0,0
888f03e12883,Pro-GLM-5.1,历史场景叙事,15,3,0
8ac6c1908065,Pro-GLM-5.1,沉浸式体验设计,9,1,19
393179571787,Pro-GLM-5.1,博物馆导览讲解,11,0,0
ba95f94a02a4,Pro-GLM-5.1,历史场景叙事,12,1,0
712456fa5716,Pro-GLM-5.1,沉浸式体验设计,7,2,15
ba71af0fe6ec,Pro-GLM-5.1,博物馆导览讲解,10,1,0
60ce3adb38a8,Pro-GLM-5.1,历史场景叙事,16,1,0
86bf90297c36,Pro-GLM-5.1,沉浸式体验设计,18,3,17
c07f083c00c9,Pro-GLM-5.1,博物馆导览讲解,7,0,0
a710c84e72bd,Pro-GLM-5.1,历史场景叙事,17,3,0
27df187b2530,Pro-GLM-5.1,沉浸式体验设计,7,0,16
dcd12f369b2b,Pro-GLM-5.1,博物馆导览讲解,7,5,0
00a982429dbd,Pro-GLM-5.1,历史场景叙事,13,1,0
fa9926af1ba9,Pro-GLM-5.1,沉浸式体验设计,8,3,13
aa02f29ea33c,Pro-GLM-5.1,博物馆导览讲解,10,1,0
7613aef8d258,Pro-GLM-5.1,历史场景叙事,11,1,0
9e9dbcf46bd7,Pro-GLM-5.1,沉浸式体验设计,9,2,7
6ea2eba2b542,Pro-GLM-5.1,博物馆导览讲解,11,1,0
5132ba78e94a,Pro-GLM-5.1,历史场景叙事,19,1,0
bce139c42de5,Pro-GLM-5.1,沉浸式体验设计,12,0,11
8820b1274f2d,Pro-GLM-5.1,博物馆导览讲解,5,2,0
b4bf36c42fc7,Pro-GLM-5.1,历史场景叙事,8,0,0
ef27adeed9af,Pro-GLM-5.1,沉浸式体验设计,9,0,15
6cfd19e83947,Pro-GLM-5.1,博物馆导览讲解,5,3,0
dccaa18941c4,Pro-GLM-5.1,历史场景叙事,9,1,0
f0e217f31b8e,Pro-GLM-5.1,沉浸式体验设计,5,1,13
5214bfce2cc2,Nex-N2-Pro,博物馆导览讲解,0,0,0
b796259214aa,Nex-N2-Pro,历史场景叙事,0,0,0
e62c84eb96d5,Nex-N2-Pro,沉浸式体验设计,0,0,0
605a87925851,Nex-N2-Pro,博物馆导览讲解,0,0,0
1734a556c2c7,Nex-N2-Pro,历史场景叙事,0,0,0
cd0550062f22,Nex-N2-Pro,沉浸式体验设计,10,0,11
521d643f9e08,Nex-N2-Pro,博物馆导览讲解,0,0,0
62462c64a4fd,Nex-N2-Pro,历史场景叙事,0,0,0
b314f41ec12a,Nex-N2-Pro,沉浸式体验设计,0,0,0
afd7eac8ec66,Nex-N2-Pro,博物馆导览讲解,0,0,0
46670f51f283,Nex-N2-Pro,历史场景叙事,0,0,0
2ac5683bb1ec,Nex-N2-Pro,沉浸式体验设计,0,0,0
197782dc32e5,Nex-N2-Pro,博物馆导览讲解,0,0,0
fda459bbd124,Nex-N2-Pro,历史场景叙事,0,0,0
b357c714a695,Nex-N2-Pro,沉浸式体验设计,0,0,0
83f1b6b3254a,Nex-N2-Pro,博物馆导览讲解,0,0,0
06015021530d,Nex-N2-Pro,历史场景叙事,0,0,0
3e71cf14ca0d,Nex-N2-Pro,沉浸式体验设计,0,0,0
d6c2f8b1fe6d,Nex-N2-Pro,博物馆导览讲解,0,0,0
fd5ccf80d94f,Nex-N2-Pro,历史场景叙事,0,0,0
6b269c516d69,Nex-N2-Pro,沉浸式体验设计,0,0,0
f7ef4ed4fa96,Nex-N2-Pro,博物馆导览讲解,0,0,0
c7855521d67d,Nex-N2-Pro,历史场景叙事,0,0,0
d8a6e627e0cb,Nex-N2-Pro,沉浸式体验设计,0,0,0
dfeb510e03fe,Nex-N2-Pro,博物馆导览讲解,0,0,0
7122e084feee,Nex-N2-Pro,历史场景叙事,0,0,0
e65b14b3fdb2,Nex-N2-Pro,沉浸式体验设计,0,0,0
8d52757c2c05,Nex-N2-Pro,博物馆导览讲解,0,0,0
bcc655add471,Nex-N2-Pro,历史场景叙事,0,0,0
98c48565532e,Nex-N2-Pro,沉浸式体验设计,0,0,0
f0006521a47a,Nex-N2-Pro,博物馆导览讲解,3,1,0
7dd7be23c657,Nex-N2-Pro,历史场景叙事,0,0,0
ee7d05655a35,Nex-N2-Pro,沉浸式体验设计,0,0,0
d287ab32fad9,Nex-N2-Pro,博物馆导览讲解,0,0,0
4901b79d7ae6,Nex-N2-Pro,历史场景叙事,0,0,0
9ffc8e62d28e,Nex-N2-Pro,沉浸式体验设计,0,0,0
13d80593fb0f,MiniMax-M2.5,博物馆导览讲解,2,0,0
d1d95f121881,MiniMax-M2.5,历史场景叙事,8,0,0
c2bd160089ce,MiniMax-M2.5,沉浸式体验设计,5,0,13
c67e31a5d9d7,MiniMax-M2.5,博物馆导览讲解,6,1,0
3e0370ef6db8,MiniMax-M2.5,历史场景叙事,10,2,0
fe978be1231b,MiniMax-M2.5,沉浸式体验设计,5,4,10
be3184702111,MiniMax-M2.5,博物馆导览讲解,7,0,1
b4078b224211,MiniMax-M2.5,历史场景叙事,2,1,2
151513cd7aa4,MiniMax-M2.5,沉浸式体验设计,6,2,15
506eca574992,MiniMax-M2.5,博物馆导览讲解,12,0,0
807a154b6e78,MiniMax-M2.5,历史场景叙事,24,4,0
e2afdd335f2f,MiniMax-M2.5,沉浸式体验设计,5,1,25
fda3df810eab,MiniMax-M2.5,博物馆导览讲解,0,0,0
32f83df829c2,MiniMax-M2.5,历史场景叙事,17,0,0
64795e8275b9,MiniMax-M2.5,沉浸式体验设计,7,0,23
7a191f7f1321,MiniMax-M2.5,博物馆导览讲解,0,0,0
8ca54c769a43,MiniMax-M2.5,历史场景叙事,0,0,0
0be378ad7275,MiniMax-M2.5,沉浸式体验设计,9,2,17
2ccccd776acc,MiniMax-M2.5,博物馆导览讲解,3,0,0
30da4e70f648,MiniMax-M2.5,历史场景叙事,11,0,0
1489c2e563d7,MiniMax-M2.5,沉浸式体验设计,16,0,16
cfef6bfc9111,MiniMax-M2.5,博物馆导览讲解,7,0,0
4339881853fb,MiniMax-M2.5,历史场景叙事,9,2,0
29e068be1389,MiniMax-M2.5,沉浸式体验设计,9,3,26
317ffc9479dd,MiniMax-M2.5,博物馆导览讲解,2,2,0
842a9f805395,MiniMax-M2.5,历史场景叙事,8,0,0
a2bd2230d975,MiniMax-M2.5,沉浸式体验设计,9,2,19
c4eff8d582f9,MiniMax-M2.5,博物馆导览讲解,11,1,0
3f7d3abc9462,MiniMax-M2.5,历史场景叙事,15,1,0
e852763ca27a,MiniMax-M2.5,沉浸式体验设计,23,3,8
63186bf875f0,MiniMax-M2.5,博物馆导览讲解,6,1,0
f841f22abcbc,MiniMax-M2.5,历史场景叙事,12,2,0
cc14a6344a54,MiniMax-M2.5,沉浸式体验设计,22,3,24
f5d50b708a0a,MiniMax-M2.5,博物馆导览讲解,2,1,0
6d6a6b6b9dde,MiniMax-M2.5,历史场景叙事,12,1,1
f115f8b457bc,MiniMax-M2.5,沉浸式体验设计,11,0,16
0afa31a50c10,Pro-MiniMax-M2.5,博物馆导览讲解,0,0,1
974f6141a7d0,Pro-MiniMax-M2.5,历史场景叙事,5,0,0
e8ed5ab996db,Pro-MiniMax-M2.5,沉浸式体验设计,13,0,13
73e6b9bb15ed,Pro-MiniMax-M2.5,博物馆导览讲解,12,0,0
d9d0c8f58d93,Pro-MiniMax-M2.5,历史场景叙事,3,1,0
5d503ec644cb,Pro-MiniMax-M2.5,沉浸式体验设计,12,1,24
9118bb409455,Pro-MiniMax-M2.5,博物馆导览讲解,13,1,0
7166d19b56c6,Pro-MiniMax-M2.5,历史场景叙事,5,6,2
94a724d02ea3,Pro-MiniMax-M2.5,沉浸式体验设计,8,4,7
4dfb5b3559c2,Pro-MiniMax-M2.5,博物馆导览讲解,13,3,0
1bc592ff0e35,Pro-MiniMax-M2.5,历史场景叙事,14,1,0
5020ea305f08,Pro-MiniMax-M2.5,沉浸式体验设计,17,3,21
d105c215b53c,Pro-MiniMax-M2.5,博物馆导览讲解,4,1,0
c87574429ef3,Pro-MiniMax-M2.5,历史场景叙事,7,0,0
3fc1824a8d0d,Pro-MiniMax-M2.5,沉浸式体验设计,12,1,15
730519a45b65,Pro-MiniMax-M2.5,博物馆导览讲解,14,1,0
3018f0172938,Pro-MiniMax-M2.5,历史场景叙事,14,1,0
bb49e2772c84,Pro-MiniMax-M2.5,沉浸式体验设计,17,3,12
a1273a40e2b1,Pro-MiniMax-M2.5,博物馆导览讲解,5,0,1
d38214f0cfdb,Pro-MiniMax-M2.5,历史场景叙事,4,0,0
12461cd1f5e8,Pro-MiniMax-M2.5,沉浸式体验设计,14,4,18
fe4d4cf0887d,Pro-MiniMax-M2.5,博物馆导览讲解,6,1,0
1657c3b898c0,Pro-MiniMax-M2.5,历史场景叙事,4,0,0
d503ef5b083e,Pro-MiniMax-M2.5,沉浸式体验设计,6,2,21
7900dca30133,Pro-MiniMax-M2.5,博物馆导览讲解,5,2,0
353698c27c32,Pro-MiniMax-M2.5,历史场景叙事,13,2,0
32246a1e09b7,Pro-MiniMax-M2.5,沉浸式体验设计,7,2,23
7b4bb274118c,Pro-MiniMax-M2.5,博物馆导览讲解,8,1,1
c50fa5fa2d51,Pro-MiniMax-M2.5,历史场景叙事,19,0,0
0c04b336887f,Pro-MiniMax-M2.5,沉浸式体验设计,14,2,6
db15b246505a,Pro-MiniMax-M2.5,博物馆导览讲解,7,1,0
4467b78363c2,Pro-MiniMax-M2.5,历史场景叙事,6,0,0
306c60a21204,Pro-MiniMax-M2.5,沉浸式体验设计,17,4,19
3a89fff36b34,Pro-MiniMax-M2.5,博物馆导览讲解,6,0,0
6ef9ba3f7eac,Pro-MiniMax-M2.5,历史场景叙事,29,0,0
2f1854f86140,Pro-MiniMax-M2.5,沉浸式体验设计,12,0,11
94e96b7f0701,DeepSeek-V4-Pro,历史场景叙事,12,0,0
44ee136ad14d,DeepSeek-V4-Pro,历史场景叙事,5,4,0
68a86758fe17,LongCat-2.0,博物馆导览讲解,3,2,0
961db5cb11e1,LongCat-2.0,历史场景叙事,11,2,0
b4a0b1d0205e,LongCat-2.0,沉浸式体验设计,1,0,2
9e0a90f1f4ce,LongCat-2.0,博物馆导览讲解,9,0,0
417c5c5d579e,LongCat-2.0,历史场景叙事,17,0,0
55415dc2ca14,LongCat-2.0,沉浸式体验设计,3,2,22
4faab58cfc71,LongCat-2.0,博物馆导览讲解,5,2,0
d6c5f4437024,LongCat-2.0,历史场景叙事,9,0,0
837ae006e4ea,LongCat-2.0,沉浸式体验设计,11,1,7
b9104797901a,LongCat-2.0,博物馆导览讲解,2,0,0
8406b46ecef1,LongCat-2.0,历史场景叙事,1,1,0
259967229eae,LongCat-2.0,沉浸式体验设计,1,0,10
05884f0c9d0f,LongCat-2.0,博物馆导览讲解,6,1,0
b5f137cece97,LongCat-2.0,历史场景叙事,14,5,0
c65abb315970,LongCat-2.0,沉浸式体验设计,4,0,24
616156b0f47e,LongCat-2.0,博物馆导览讲解,4,1,0
07455aaf9819,LongCat-2.0,历史场景叙事,10,4,0
05f4128acffb,LongCat-2.0,沉浸式体验设计,10,1,16
213bb66bece8,LongCat-2.0,博物馆导览讲解,14,1,0
4704f0d75696,LongCat-2.0,历史场景叙事,6,0,0
10154aeab5d7,LongCat-2.0,沉浸式体验设计,5,1,15
257ad8ade253,LongCat-2.0,博物馆导览讲解,8,0,0
1129e845cf24,LongCat-2.0,历史场景叙事,9,1,0
ff4cfc1577ba,LongCat-2.0,沉浸式体验设计,10,0,11
b5cb50a343bd,GLM-5.2,博物馆导览讲解,7,0,0
fb0e816cf5b1,GLM-5.2,历史场景叙事,13,3,0
08e822474c92,GLM-5.2,沉浸式体验设计,7,3,12
ddf07a1af495,GLM-5.2,博物馆导览讲解,7,2,0
f96f09c0f179,GLM-5.2,历史场景叙事,8,0,0
6d8a03fea3de,GLM-5.2,沉浸式体验设计,11,0,26
186a3edbcff8,GLM-5.2,博物馆导览讲解,17,3,0
389c41a5c621,GLM-5.2,历史场景叙事,14,2,0
b5d73ef311fb,GLM-5.2,沉浸式体验设计,7,1,13
ab6f9dadbc2b,GLM-5.2,博物馆导览讲解,4,0,0
3172f7bf5a81,GLM-5.2,历史场景叙事,9,1,0
33fd6767c9ad,GLM-5.2,沉浸式体验设计,6,0,20
3c62ac348c10,GLM-5.2,博物馆导览讲解,6,0,0
6bb637b81488,GLM-5.2,历史场景叙事,10,2,0
b97f3b6d4273,GLM-5.2,沉浸式体验设计,4,1,10
73f1a8ac7689,GLM-5.2,博物馆导览讲解,6,0,0
d41eb70bbe9d,GLM-5.2,历史场景叙事,8,1,0
9422f7b06161,GLM-5.2,沉浸式体验设计,11,4,17
cd54576714d9,GLM-5.2,博物馆导览讲解,4,1,0
d4cac11c7ab6,GLM-5.2,历史场景叙事,10,2,0
6c9129e92e3a,GLM-5.2,沉浸式体验设计,6,0,16
7051c1138089,GLM-5.2,博物馆导览讲解,6,2,0
2d43ad8ad1ba,GLM-5.2,历史场景叙事,4,2,0
531c02e52c59,GLM-5.2,沉浸式体验设计,6,0,14
5c2bbcf9bcd6,Kimi-K2.7-Code,博物馆导览讲解,7,0,0
5a0cb9d909e8,Kimi-K2.7-Code,历史场景叙事,8,0,0
66f2a95e37c0,Kimi-K2.7-Code,沉浸式体验设计,16,0,19
1274e41b9c24,Kimi-K2.7-Code,博物馆导览讲解,5,0,0
3f3968a2c3a9,Kimi-K2.7-Code,历史场景叙事,7,1,0
6e16dd5e5118,Kimi-K2.7-Code,沉浸式体验设计,11,1,18
16b7518f50b6,Kimi-K2.7-Code,博物馆导览讲解,4,1,0
c7a88a3434e8,Kimi-K2.7-Code,历史场景叙事,6,1,1
4c854dd9c4a9,Kimi-K2.7-Code,沉浸式体验设计,9,2,18
3dbded89cdfc,Kimi-K2.7-Code,博物馆导览讲解,4,0,2
2d2ac0482bc3,Kimi-K2.7-Code,历史场景叙事,12,0,2
005bb33ef162,Kimi-K2.7-Code,沉浸式体验设计,6,0,9
9a2df2a5301e,Kimi-K2.7-Code,博物馆导览讲解,2,2,0
1afb997929fa,Kimi-K2.7-Code,历史场景叙事,4,1,0
669bbd6d25b5,Kimi-K2.7-Code,沉浸式体验设计,0,0,11
2a6f094fece8,Kimi-K2.7-Code,博物馆导览讲解,3,1,0
3e29b5e6fb73,Kimi-K2.7-Code,历史场景叙事,5,0,0
063b93f4e53b,Kimi-K2.7-Code,沉浸式体验设计,8,2,21
3798ae4d77e4,Kimi-K2.7-Code,博物馆导览讲解,3,1,0
9fba14485a05,Kimi-K2.7-Code,历史场景叙事,8,0,0
e2bfc47aa4fe,Kimi-K2.7-Code,沉浸式体验设计,8,1,21
bc38aad9598c,Kimi-K2.7-Code,博物馆导览讲解,2,0,0
2852f4240da7,Kimi-K2.7-Code,历史场景叙事,12,0,0
741369a15205,Kimi-K2.7-Code,沉浸式体验设计,8,1,12
943b740584e8,DeepSeek-V4-Pro,博物馆导览讲解,0,0,0
f5e66eaea9aa,DeepSeek-V4-Pro,历史场景叙事,7,1,0
4cffcb9a9e90,DeepSeek-V4-Pro,沉浸式体验设计,13,4,21
6ee0587a7be7,DeepSeek-V4-Pro,博物馆导览讲解,0,0,0
78e217891c1b,DeepSeek-V4-Pro,历史场景叙事,8,0,0
f01e2b7277cd,DeepSeek-V4-Pro,沉浸式体验设计,7,1,32
49c6ec72b12f,DeepSeek-V4-Pro,博物馆导览讲解,12,1,0
957f11790bbc,DeepSeek-V4-Pro,历史场景叙事,12,0,1
3375bd27768d,DeepSeek-V4-Pro,沉浸式体验设计,19,0,19
303fda15a14f,DeepSeek-V4-Pro,博物馆导览讲解,4,0,0
92f7aab1839b,DeepSeek-V4-Pro,历史场景叙事,5,0,1
7d2ede00f26b,DeepSeek-V4-Pro,沉浸式体验设计,10,4,22
30c2a1f09214,DeepSeek-V4-Pro,博物馆导览讲解,0,0,0
dfced14aeb60,DeepSeek-V4-Pro,历史场景叙事,6,3,0
dd8f49259db6,DeepSeek-V4-Pro,沉浸式体验设计,7,2,16
0a0eda73cfe3,DeepSeek-V4-Pro,博物馆导览讲解,8,1,0
af0ac804e342,DeepSeek-V4-Pro,历史场景叙事,9,2,0
1689fe654bde,DeepSeek-V4-Pro,沉浸式体验设计,14,3,35
99fa48194584,DeepSeek-V4-Pro,博物馆导览讲解,7,2,0
52535319d3f2,DeepSeek-V4-Pro,历史场景叙事,12,1,0
e48f2330faa3,DeepSeek-V4-Pro,沉浸式体验设计,9,2,17
3f497462e63f,DeepSeek-V4-Pro,博物馆导览讲解,9,2,0
0cf12c9d00a6,DeepSeek-V4-Pro,历史场景叙事,10,1,0
d935f88de2f0,DeepSeek-V4-Pro,沉浸式体验设计,2,0,16
092025490b2a,DeepSeek-V4-Flash,博物馆导览讲解,4,0,0
621a73545493,DeepSeek-V4-Flash,历史场景叙事,4,1,0
787d1582d47e,DeepSeek-V4-Flash,沉浸式体验设计,11,5,24
205be9335272,DeepSeek-V4-Flash,博物馆导览讲解,9,1,0
9b57f6ecfd31,DeepSeek-V4-Flash,历史场景叙事,6,0,0
311074f79428,DeepSeek-V4-Flash,沉浸式体验设计,5,1,21
44aef1f3906e,DeepSeek-V4-Flash,博物馆导览讲解,7,2,0
f8094929e353,DeepSeek-V4-Flash,历史场景叙事,6,0,0
591b348f95be,DeepSeek-V4-Flash,沉浸式体验设计,14,3,25
1dc4d006e2c3,DeepSeek-V4-Flash,博物馆导览讲解,2,0,0
8da8cbcedda2,DeepSeek-V4-Flash,历史场景叙事,13,3,0
5214874f0e44,DeepSeek-V4-Flash,沉浸式体验设计,2,0,21
e1e6041c491a,DeepSeek-V4-Flash,博物馆导览讲解,6,0,0
caaa2ae01a35,DeepSeek-V4-Flash,历史场景叙事,9,1,0
65781dabe079,DeepSeek-V4-Flash,沉浸式体验设计,5,0,22
048bdfe804bf,DeepSeek-V4-Flash,博物馆导览讲解,4,2,0
343b047e67f2,DeepSeek-V4-Flash,历史场景叙事,5,0,0
e8af67ef8c6a,DeepSeek-V4-Flash,沉浸式体验设计,7,3,36
2b50c523e8a5,DeepSeek-V4-Flash,博物馆导览讲解,0,0,0
9de0ee5b3de9,DeepSeek-V4-Flash,历史场景叙事,6,0,0
6d3e9c1a96ff,DeepSeek-V4-Flash,沉浸式体验设计,9,0,28
8d26a01253e8,DeepSeek-V4-Flash,博物馆导览讲解,3,0,0
aa016d26f560,DeepSeek-V4-Flash,历史场景叙事,2,0,0
f7d8ae857195,DeepSeek-V4-Flash,沉浸式体验设计,10,0,18
cb330c536629,Pro-Kimi-K2.6,博物馆导览讲解,8,0,0
704bdc4f5599,Pro-Kimi-K2.6,历史场景叙事,6,1,0
49daf0265aaa,Pro-Kimi-K2.6,沉浸式体验设计,10,1,11
60ab2306082d,Pro-Kimi-K2.6,博物馆导览讲解,5,3,0
87f657e24cb7,Pro-Kimi-K2.6,历史场景叙事,13,0,0
d7369850393a,Pro-Kimi-K2.6,沉浸式体验设计,9,1,12
3af6eccbeb3a,Pro-Kimi-K2.6,博物馆导览讲解,6,2,0
173523202c03,Pro-Kimi-K2.6,历史场景叙事,3,3,1
9cb9e1fd1bbe,Pro-Kimi-K2.6,沉浸式体验设计,6,1,19
6571d063a32e,Pro-Kimi-K2.6,博物馆导览讲解,3,1,0
02012aa016b4,Pro-Kimi-K2.6,历史场景叙事,5,0,0
1304f82e26c0,Pro-Kimi-K2.6,沉浸式体验设计,4,0,17
52e06d7de2c4,Pro-Kimi-K2.6,博物馆导览讲解,0,0,0
2fcfc55ffdf1,Pro-Kimi-K2.6,历史场景叙事,9,3,0
567c1e386bcf,Pro-Kimi-K2.6,沉浸式体验设计,2,2,24
ff440223883b,Pro-Kimi-K2.6,博物馆导览讲解,7,1,0
4b9c18b57c17,Pro-Kimi-K2.6,历史场景叙事,7,3,1
3d84d05de72c,Pro-Kimi-K2.6,沉浸式体验设计,10,1,13
b59b5eb1a2f3,Pro-Kimi-K2.6,博物馆导览讲解,0,0,0
6f68d0726c6d,Pro-Kimi-K2.6,历史场景叙事,6,0,0
4cfd9cb2dab6,Pro-Kimi-K2.6,沉浸式体验设计,8,1,22
959468655f3d,Pro-Kimi-K2.6,博物馆导览讲解,3,0,0
a62dbaddb74b,Pro-Kimi-K2.6,历史场景叙事,7,0,0
4df4999cde3c,Pro-Kimi-K2.6,沉浸式体验设计,7,2,16
6a8c23f45386,Pro-GLM-5.1,博物馆导览讲解,8,2,0
bd6c9e32fb91,Pro-GLM-5.1,历史场景叙事,10,2,0
9b618bc5a02d,Pro-GLM-5.1,沉浸式体验设计,11,4,12
d9f438313705,Pro-GLM-5.1,博物馆导览讲解,10,0,0
86a8a671819f,Pro-GLM-5.1,历史场景叙事,14,1,0
25b5a02c5cb7,Pro-GLM-5.1,沉浸式体验设计,9,0,18
0ef383372f27,Pro-GLM-5.1,博物馆导览讲解,13,3,0
0fa6b6267842,Pro-GLM-5.1,历史场景叙事,8,3,0
89bbb635e48d,Pro-GLM-5.1,沉浸式体验设计,13,0,13
cbce592b985c,Pro-GLM-5.1,博物馆导览讲解,6,0,0
9a1ab885e2e8,Pro-GLM-5.1,历史场景叙事,12,1,0
6ea6a0fdc027,Pro-GLM-5.1,沉浸式体验设计,10,0,22
4f09cbf47a65,Pro-GLM-5.1,博物馆导览讲解,9,1,0
ab9e4f2e7a6d,Pro-GLM-5.1,历史场景叙事,8,3,0
4bb754002b15,Pro-GLM-5.1,沉浸式体验设计,4,2,12
66d57ca2f084,Pro-GLM-5.1,博物馆导览讲解,17,2,0
449d8c5bde59,Pro-GLM-5.1,历史场景叙事,13,4,0
d77160f7d2a0,Pro-GLM-5.1,沉浸式体验设计,14,8,15
b76cab8bc24b,Pro-GLM-5.1,博物馆导览讲解,13,0,0
77c1256b380b,Pro-GLM-5.1,历史场景叙事,7,2,0
c15bc750ea7d,Pro-GLM-5.1,沉浸式体验设计,7,0,13
0ffb923999e1,Pro-GLM-5.1,博物馆导览讲解,8,1,0
e235733363bb,Pro-GLM-5.1,历史场景叙事,10,2,0
a9b96fba16fa,Pro-GLM-5.1,沉浸式体验设计,6,0,12
d363f3bf4f8d,Nex-N2-Pro,博物馆导览讲解,0,0,0
bce86d107fe3,Nex-N2-Pro,历史场景叙事,0,0,0
3fc93e7b32b2,Nex-N2-Pro,沉浸式体验设计,0,0,0
61a2f6d97f90,Nex-N2-Pro,博物馆导览讲解,0,0,0
e1fe7d795324,Nex-N2-Pro,历史场景叙事,0,0,0
3fd60c90da79,Nex-N2-Pro,沉浸式体验设计,0,0,0
c7a7481af8a2,Nex-N2-Pro,博物馆导览讲解,9,2,0
e25cc3130a6c,Nex-N2-Pro,历史场景叙事,0,0,0
eb74f8b526e0,Nex-N2-Pro,沉浸式体验设计,0,0,0
5b5511f5827b,Nex-N2-Pro,博物馆导览讲解,0,0,0
0714eaf169f4,Nex-N2-Pro,历史场景叙事,0,0,0
beb7d06ef38b,Nex-N2-Pro,沉浸式体验设计,0,0,0
1ae133c4e08f,Nex-N2-Pro,博物馆导览讲解,0,0,0
c538b3df68c1,Nex-N2-Pro,历史场景叙事,0,0,0
fc4d86429c59,Nex-N2-Pro,沉浸式体验设计,0,0,0
e71f65372ae1,Nex-N2-Pro,博物馆导览讲解,0,0,0
adc4d3924147,Nex-N2-Pro,历史场景叙事,0,0,0
85012c335ba0,Nex-N2-Pro,沉浸式体验设计,0,0,0
c143b569ff3b,Nex-N2-Pro,博物馆导览讲解,0,0,0
86a94992b181,Nex-N2-Pro,历史场景叙事,0,0,0
c3cf0de0d9ab,Nex-N2-Pro,沉浸式体验设计,0,0,0
00a97fe0bbfe,Nex-N2-Pro,博物馆导览讲解,0,0,0
715add614442,Nex-N2-Pro,历史场景叙事,0,0,0
f0fb2a76bf0f,Nex-N2-Pro,沉浸式体验设计,0,0,0
d700dc7f88ec,MiniMax-M2.5,博物馆导览讲解,2,1,0
2d5b917a4d33,MiniMax-M2.5,历史场景叙事,17,0,0
79731f291854,MiniMax-M2.5,沉浸式体验设计,12,2,30
ee723ce56143,MiniMax-M2.5,博物馆导览讲解,11,0,0
c0b15876462a,MiniMax-M2.5,历史场景叙事,12,0,0
d5341924296d,MiniMax-M2.5,沉浸式体验设计,6,2,20
c452de6b6343,MiniMax-M2.5,博物馆导览讲解,5,1,0
3fa285909a9e,MiniMax-M2.5,历史场景叙事,5,1,1
a26b94c0e9bb,MiniMax-M2.5,沉浸式体验设计,12,0,20
de716f648577,MiniMax-M2.5,博物馆导览讲解,4,1,0
46d272c7f693,MiniMax-M2.5,历史场景叙事,21,1,1
882cc8f09b97,MiniMax-M2.5,沉浸式体验设计,7,0,10
4656bb673766,MiniMax-M2.5,博物馆导览讲解,6,1,0
53b0a0176f0f,MiniMax-M2.5,历史场景叙事,5,1,0
2e0fa95937e1,MiniMax-M2.5,沉浸式体验设计,7,1,14
45bd3f4f5fdb,MiniMax-M2.5,博物馆导览讲解,19,2,0
58a055689e3a,MiniMax-M2.5,历史场景叙事,10,0,0
1e222bc1268e,MiniMax-M2.5,沉浸式体验设计,10,2,13
96f38d549f15,MiniMax-M2.5,博物馆导览讲解,6,0,0
0eab4aab3211,MiniMax-M2.5,历史场景叙事,13,1,0
2e32ae1c900f,MiniMax-M2.5,沉浸式体验设计,11,0,37
ac34c32c61ff,MiniMax-M2.5,博物馆导览讲解,2,0,0
8dfaa2a7bb37,MiniMax-M2.5,历史场景叙事,10,0,0
29aaabe4e49a,MiniMax-M2.5,沉浸式体验设计,4,2,37
e11b6407c47a,Pro-MiniMax-M2.5,博物馆导览讲解,6,1,0
1407174d22a9,Pro-MiniMax-M2.5,历史场景叙事,7,1,0
f4a5508454fd,Pro-MiniMax-M2.5,沉浸式体验设计,14,0,15
7345e1409793,Pro-MiniMax-M2.5,博物馆导览讲解,0,0,0
525b0863bfe3,Pro-MiniMax-M2.5,历史场景叙事,12,0,0
7ff591c3d8df,Pro-MiniMax-M2.5,沉浸式体验设计,12,1,20
5ffcaab2d231,Pro-MiniMax-M2.5,博物馆导览讲解,5,0,0
5d755ff1120c,Pro-MiniMax-M2.5,历史场景叙事,5,1,0
24582ee97e65,Pro-MiniMax-M2.5,沉浸式体验设计,16,1,12
4ce572c5713e,Pro-MiniMax-M2.5,博物馆导览讲解,2,0,0
044b5035584f,Pro-MiniMax-M2.5,历史场景叙事,7,0,20
77417a66c092,Pro-MiniMax-M2.5,沉浸式体验设计,9,0,15
f08f56c33218,Pro-MiniMax-M2.5,博物馆导览讲解,3,0,0
909164f2f827,Pro-MiniMax-M2.5,历史场景叙事,12,1,0
ce943dd67596,Pro-MiniMax-M2.5,沉浸式体验设计,9,0,9
d2738b769f4b,Pro-MiniMax-M2.5,博物馆导览讲解,6,2,1
88024e605bfd,Pro-MiniMax-M2.5,历史场景叙事,19,5,0
8db1680e88fd,Pro-MiniMax-M2.5,沉浸式体验设计,14,3,20
6ec8f0fe692a,Pro-MiniMax-M2.5,博物馆导览讲解,4,0,0
490031bc8755,Pro-MiniMax-M2.5,历史场景叙事,4,1,0
36fbc9bdf373,Pro-MiniMax-M2.5,沉浸式体验设计,16,3,23
1cece5476982,Pro-MiniMax-M2.5,博物馆导览讲解,5,0,0
64cc40fef076,Pro-MiniMax-M2.5,历史场景叙事,6,2,0
6326ca74611d,Pro-MiniMax-M2.5,沉浸式体验设计,8,2,26
55471529c7b3,LongCat-2.0,博物馆导览讲解,10,0,0
73c9b93f0d95,LongCat-2.0,历史场景叙事,10,0,0
85ca344c4298,LongCat-2.0,沉浸式体验设计,2,0,2
d0360b4e641b,LongCat-2.0,博物馆导览讲解,11,1,0
2aa7abeebc4f,LongCat-2.0,历史场景叙事,15,0,0
a68181f3ad25,LongCat-2.0,沉浸式体验设计,3,1,11
4431939f8d18,LongCat-2.0,博物馆导览讲解,0,0,0
c9ed9f254d27,LongCat-2.0,历史场景叙事,4,1,0
ca1dc4560417,LongCat-2.0,沉浸式体验设计,2,3,8
9af078668b5a,LongCat-2.0,博物馆导览讲解,10,0,0
7db085a2c561,LongCat-2.0,历史场景叙事,14,0,0
e75190ce3a0b,LongCat-2.0,沉浸式体验设计,10,1,25
c934baecd05f,LongCat-2.0,博物馆导览讲解,5,0,0
f4da1a760f1d,LongCat-2.0,历史场景叙事,16,0,0
12a21f873cfe,LongCat-2.0,沉浸式体验设计,4,1,10
bd226e1b4453,LongCat-2.0,博物馆导览讲解,8,1,0
a7a74e18f3a9,LongCat-2.0,历史场景叙事,21,0,0
3cf442ecaa92,LongCat-2.0,沉浸式体验设计,5,0,6
94479d9de145,LongCat-2.0,博物馆导览讲解,8,0,0
ccf40823d12b,LongCat-2.0,历史场景叙事,7,0,0
28f1f32aa168,LongCat-2.0,沉浸式体验设计,6,1,11
28d84d07508d,LongCat-2.0,博物馆导览讲解,10,1,0
ffce8a1af53c,LongCat-2.0,历史场景叙事,12,4,0
ea79b57b9101,LongCat-2.0,沉浸式体验设计,8,2,7
404a42b5dd0d,LongCat-2.0,博物馆导览讲解,7,4,0
3a295b656e85,LongCat-2.0,历史场景叙事,5,3,0
410792a39406,LongCat-2.0,沉浸式体验设计,5,0,9
3624af3c7937,LongCat-2.0,博物馆导览讲解,14,1,0
e7434d0f0b22,LongCat-2.0,历史场景叙事,20,0,0
fc7d78d74219,LongCat-2.0,沉浸式体验设计,10,1,10
e5e5d0638bad,LongCat-2.0,博物馆导览讲解,6,1,0
94f934673c84,LongCat-2.0,历史场景叙事,9,1,0
31d9ccc15232,LongCat-2.0,沉浸式体验设计,9,0,6
ea9a24b626b1,LongCat-2.0,博物馆导览讲解,9,0,0
37e4750f7b7a,LongCat-2.0,历史场景叙事,6,0,1
74e0b0b06ce6,LongCat-2.0,沉浸式体验设计,12,0,7
8f19ca8fb433,LongCat-2.0,博物馆导览讲解,5,0,0
c2f91c8acfbf,LongCat-2.0,历史场景叙事,16,2,0
06d85416da84,LongCat-2.0,沉浸式体验设计,3,1,12
2438e388f3ca,LongCat-2.0,博物馆导览讲解,9,0,0
50710238ec0e,LongCat-2.0,历史场景叙事,7,0,0
7a2d59e17091,LongCat-2.0,沉浸式体验设计,10,0,9
66bd760130a7,LongCat-2.0,博物馆导览讲解,6,1,0
9a8e5ce55f5e,LongCat-2.0,历史场景叙事,3,2,0
09e607fa9ca3,LongCat-2.0,沉浸式体验设计,15,1,18
f258e8ce3bb2,LongCat-2.0,博物馆导览讲解,4,0,0
d5874104dd13,LongCat-2.0,历史场景叙事,6,0,0
226844f9069c,LongCat-2.0,沉浸式体验设计,1,0,7
4366abb6e206,LongCat-2.0,博物馆导览讲解,10,2,0
0efb8a4a6586,LongCat-2.0,历史场景叙事,9,0,0
83e32bf074f9,LongCat-2.0,沉浸式体验设计,4,2,8
66fb2793fca4,LongCat-2.0,博物馆导览讲解,8,2,0
166bed6deaf5,LongCat-2.0,历史场景叙事,9,0,0
455345d2a725,LongCat-2.0,沉浸式体验设计,12,5,12
46b67325efcd,LongCat-2.0,博物馆导览讲解,9,1,0
3d268c6a8de5,LongCat-2.0,历史场景叙事,13,1,0
645326f69748,LongCat-2.0,沉浸式体验设计,9,0,14
92fd3af88594,LongCat-2.0,博物馆导览讲解,6,0,0
f07b48213e0f,LongCat-2.0,历史场景叙事,9,0,0
f87bfc62fa2d,LongCat-2.0,沉浸式体验设计,2,0,3
c2d35cb48b76,GLM-5.2,博物馆导览讲解,6,0,0
0ff4dd5de76e,GLM-5.2,历史场景叙事,2,0,0
fdb11eef51c9,GLM-5.2,沉浸式体验设计,7,0,15
dce9dcfb02d9,GLM-5.2,博物馆导览讲解,6,0,0
27635c790feb,GLM-5.2,历史场景叙事,12,0,0
a9947dc61c24,GLM-5.2,沉浸式体验设计,6,1,22
23ebb5f67874,GLM-5.2,博物馆导览讲解,7,2,1
5e305b69a01e,GLM-5.2,历史场景叙事,10,0,0
fa682293982d,GLM-5.2,沉浸式体验设计,5,1,12
6d4f2c974389,GLM-5.2,博物馆导览讲解,8,0,0
817bebb9fe60,GLM-5.2,历史场景叙事,4,0,0
40a57fd43baa,GLM-5.2,沉浸式体验设计,11,0,22
74505e5a88c9,GLM-5.2,博物馆导览讲解,6,0,0
7c9f77ae073f,GLM-5.2,历史场景叙事,7,0,0
6c74bd3c2901,GLM-5.2,沉浸式体验设计,9,1,12
3febe5d6cff8,GLM-5.2,博物馆导览讲解,5,2,0
7612af898748,GLM-5.2,历史场景叙事,12,1,0
de725a603b0e,GLM-5.2,沉浸式体验设计,7,5,16
36809847dc7a,GLM-5.2,博物馆导览讲解,4,2,0
b20ac21c4114,GLM-5.2,历史场景叙事,15,1,0
98c672277886,GLM-5.2,沉浸式体验设计,7,0,13
41cf77fd0f40,GLM-5.2,博物馆导览讲解,9,4,0
febd245a14bc,GLM-5.2,历史场景叙事,8,2,0
1d6f0a429b50,GLM-5.2,沉浸式体验设计,7,4,12
52e5e071ee6a,GLM-5.2,博物馆导览讲解,9,1,0
b2a6c08785a9,GLM-5.2,历史场景叙事,12,1,0
dc0d226c3015,GLM-5.2,沉浸式体验设计,3,0,9
f040057ccd5d,GLM-5.2,博物馆导览讲解,10,0,0
2cb6c47dbf0a,GLM-5.2,历史场景叙事,17,0,0
bcfe13000184,GLM-5.2,沉浸式体验设计,11,0,15
4a1f41094155,GLM-5.2,博物馆导览讲解,5,2,0
f21db8da813b,GLM-5.2,历史场景叙事,9,2,0
a9b0c1929609,GLM-5.2,沉浸式体验设计,10,0,10
3a6def0f99b5,GLM-5.2,博物馆导览讲解,9,1,0
60fb9ac80bc6,GLM-5.2,历史场景叙事,9,0,0
9f021728deda,GLM-5.2,沉浸式体验设计,10,1,14
0af40e10f452,GLM-5.2,博物馆导览讲解,9,0,0
c9478255429f,GLM-5.2,历史场景叙事,10,0,0
366eea4000c7,GLM-5.2,沉浸式体验设计,10,1,18
9005be69fbaa,GLM-5.2,博物馆导览讲解,12,0,0
e7a189ff136c,GLM-5.2,历史场景叙事,5,0,0
56f1ca6c1a74,GLM-5.2,沉浸式体验设计,3,1,12
578fdf3587a3,GLM-5.2,博物馆导览讲解,8,2,0
3b1b47949d64,GLM-5.2,历史场景叙事,11,1,0
456943fb5142,GLM-5.2,沉浸式体验设计,10,0,6
88f5da5bb9fe,GLM-5.2,博物馆导览讲解,11,0,0
dca2999ece9e,GLM-5.2,历史场景叙事,4,1,0
11e720751e3c,GLM-5.2,沉浸式体验设计,8,1,19
7b0ed1240dbf,GLM-5.2,博物馆导览讲解,4,1,0
9563b131881f,GLM-5.2,历史场景叙事,8,0,0
d71bf2e2aa6b,GLM-5.2,沉浸式体验设计,7,1,10
cf9e8f7955eb,GLM-5.2,博物馆导览讲解,10,1,0
a9161a896d83,GLM-5.2,历史场景叙事,10,1,0
72eb3d4e8211,GLM-5.2,沉浸式体验设计,15,2,10
90124319a63f,GLM-5.2,博物馆导览讲解,8,3,0
bc1b07a6ba81,GLM-5.2,历史场景叙事,12,1,0
d96793c7f204,GLM-5.2,沉浸式体验设计,10,0,14
81b7f5a96522,GLM-5.2,博物馆导览讲解,8,3,0
90d55e3613d5,GLM-5.2,历史场景叙事,8,0,0
e436d8f762e3,GLM-5.2,沉浸式体验设计,5,2,24
b9e8a5056ffa,Kimi-K2.7-Code,博物馆导览讲解,9,1,0
32d6cdf150a8,Kimi-K2.7-Code,历史场景叙事,9,0,0
6f2a17735a9b,Kimi-K2.7-Code,沉浸式体验设计,12,0,18
d603915a4c76,Kimi-K2.7-Code,博物馆导览讲解,6,0,1
b9206c4b88b9,Kimi-K2.7-Code,历史场景叙事,8,0,1
6a45adccbf1f,Kimi-K2.7-Code,沉浸式体验设计,7,0,18
9c1649c5ff4e,Kimi-K2.7-Code,博物馆导览讲解,6,0,1
1eb1e42e41d7,Kimi-K2.7-Code,历史场景叙事,9,1,1
2a6e33a5c0ed,Kimi-K2.7-Code,沉浸式体验设计,16,0,22
7259db152e09,Kimi-K2.7-Code,博物馆导览讲解,9,1,0
331f777aca9d,Kimi-K2.7-Code,历史场景叙事,6,1,0
aab2adb580c9,Kimi-K2.7-Code,沉浸式体验设计,9,2,19
d786695779a9,Kimi-K2.7-Code,博物馆导览讲解,8,0,0
cc00f67b6d88,Kimi-K2.7-Code,历史场景叙事,3,0,0
a6effe4c7455,Kimi-K2.7-Code,沉浸式体验设计,12,0,22
2e025b17099c,Kimi-K2.7-Code,博物馆导览讲解,6,0,0
974275d5527d,Kimi-K2.7-Code,历史场景叙事,9,3,1
3b1e3ebf41a1,Kimi-K2.7-Code,沉浸式体验设计,6,2,28
fb27858a1ee4,Kimi-K2.7-Code,博物馆导览讲解,8,0,0
78cd94217e54,Kimi-K2.7-Code,历史场景叙事,8,0,1
df7b59901602,Kimi-K2.7-Code,沉浸式体验设计,6,0,15
a38e69658620,Kimi-K2.7-Code,博物馆导览讲解,4,2,0
c5043e6fbb25,Kimi-K2.7-Code,历史场景叙事,9,0,0
4d3d09b67b05,Kimi-K2.7-Code,沉浸式体验设计,10,0,22
60ee98f99507,Kimi-K2.7-Code,博物馆导览讲解,4,0,0
6fc44e547d0b,Kimi-K2.7-Code,历史场景叙事,10,0,0
d916f7c33d5f,Kimi-K2.7-Code,沉浸式体验设计,13,0,20
74ef1158552f,Kimi-K2.7-Code,博物馆导览讲解,13,0,0
374267b33fe8,Kimi-K2.7-Code,历史场景叙事,17,0,0
56d102f33ed6,Kimi-K2.7-Code,沉浸式体验设计,10,0,17
4ddfab5b5652,Kimi-K2.7-Code,博物馆导览讲解,3,0,0
babc9f157706,Kimi-K2.7-Code,历史场景叙事,5,3,0
d15957ac65e9,Kimi-K2.7-Code,沉浸式体验设计,7,1,20
a40ca0662ee9,Kimi-K2.7-Code,博物馆导览讲解,3,0,0
1f2beb954b64,Kimi-K2.7-Code,历史场景叙事,3,0,0
d1ba35a08c50,Kimi-K2.7-Code,沉浸式体验设计,13,0,13
199fdd5a5442,Kimi-K2.7-Code,博物馆导览讲解,7,0,0
8f49f15c752c,Kimi-K2.7-Code,历史场景叙事,6,1,0
e01dc79811ff,Kimi-K2.7-Code,沉浸式体验设计,22,0,18
fa84ab3b634d,Kimi-K2.7-Code,博物馆导览讲解,4,0,0
446ab8669d27,Kimi-K2.7-Code,历史场景叙事,7,0,0
e577b408ad7a,Kimi-K2.7-Code,沉浸式体验设计,9,0,22
aab3f38ca552,Kimi-K2.7-Code,博物馆导览讲解,8,0,0
2a0f30babaa9,Kimi-K2.7-Code,历史场景叙事,3,1,1
6a480039595e,Kimi-K2.7-Code,沉浸式体验设计,11,0,19
0e4344fc7dd3,Kimi-K2.7-Code,博物馆导览讲解,7,0,0
3481d3aae208,Kimi-K2.7-Code,历史场景叙事,3,0,0
8ed5947837b0,Kimi-K2.7-Code,沉浸式体验设计,11,0,14
cbcec6438fe9,Kimi-K2.7-Code,博物馆导览讲解,4,1,0
467b7fc29164,Kimi-K2.7-Code,历史场景叙事,2,1,0
12df11ee8c14,Kimi-K2.7-Code,沉浸式体验设计,7,0,22
ccc98d59fa2d,Kimi-K2.7-Code,博物馆导览讲解,4,1,0
bc016b7175f9,Kimi-K2.7-Code,历史场景叙事,7,0,0
9a74c1749110,Kimi-K2.7-Code,沉浸式体验设计,12,5,28
91f552128a9c,Kimi-K2.7-Code,博物馆导览讲解,6,1,0
d4b15b4ff562,Kimi-K2.7-Code,历史场景叙事,5,0,0
e5a9e1fb8bd5,Kimi-K2.7-Code,沉浸式体验设计,7,0,17
58a178b59a15,Kimi-K2.7-Code,博物馆导览讲解,3,0,0
5d8fce9652e5,Kimi-K2.7-Code,历史场景叙事,8,0,0
1ef2140d7c3d,Kimi-K2.7-Code,沉浸式体验设计,3,2,19
85f832031264,DeepSeek-V4-Pro,博物馆导览讲解,2,0,0
375982f81ff4,DeepSeek-V4-Pro,历史场景叙事,3,0,0
62bac79c1c62,DeepSeek-V4-Pro,沉浸式体验设计,12,0,17
7ff7c5f50cb0,DeepSeek-V4-Pro,博物馆导览讲解,0,0,0
a13864c908fc,DeepSeek-V4-Pro,历史场景叙事,7,0,0
53a9a48f664a,DeepSeek-V4-Pro,沉浸式体验设计,7,1,7
40a59a882763,DeepSeek-V4-Pro,博物馆导览讲解,10,1,0
c78eeb6f3867,DeepSeek-V4-Pro,历史场景叙事,2,0,0
0b13aca57912,DeepSeek-V4-Pro,沉浸式体验设计,2,0,16
94f3f9663fc0,DeepSeek-V4-Pro,博物馆导览讲解,4,0,0
9ac485247c43,DeepSeek-V4-Pro,历史场景叙事,5,0,0
f5cb6f09027d,DeepSeek-V4-Pro,沉浸式体验设计,4,0,9
e82160db22f8,DeepSeek-V4-Pro,博物馆导览讲解,10,0,0
c00fad6b4be5,DeepSeek-V4-Pro,历史场景叙事,3,0,0
e8547d04e269,DeepSeek-V4-Pro,沉浸式体验设计,14,3,15
51d6c386cecc,DeepSeek-V4-Pro,博物馆导览讲解,10,0,0
c6cb882542eb,DeepSeek-V4-Pro,历史场景叙事,12,0,0
57356268cd4f,DeepSeek-V4-Pro,沉浸式体验设计,2,3,28
eb069b01431a,DeepSeek-V4-Pro,博物馆导览讲解,4,0,0
e3648c2bd2a9,DeepSeek-V4-Pro,历史场景叙事,3,0,0
1e69b975efe1,DeepSeek-V4-Pro,沉浸式体验设计,10,0,9
42ed39dbe256,DeepSeek-V4-Pro,博物馆导览讲解,10,1,0
60d827a8d810,DeepSeek-V4-Pro,历史场景叙事,12,0,0
7501908e9cbb,DeepSeek-V4-Pro,沉浸式体验设计,16,0,11
664a66c7faad,DeepSeek-V4-Pro,博物馆导览讲解,9,3,0
1ac0d77de4d6,DeepSeek-V4-Pro,历史场景叙事,6,2,0
7cd9eb9db4c9,DeepSeek-V4-Pro,沉浸式体验设计,11,2,9
19c4401d7262,DeepSeek-V4-Pro,博物馆导览讲解,6,0,0
32df32a654ed,DeepSeek-V4-Pro,历史场景叙事,9,1,0
4378b0da2dbf,DeepSeek-V4-Pro,沉浸式体验设计,4,1,13
c6a5ebf19cef,DeepSeek-V4-Pro,博物馆导览讲解,11,0,0
e44233f01700,DeepSeek-V4-Pro,历史场景叙事,5,2,0
cceb6af9d1fb,DeepSeek-V4-Pro,沉浸式体验设计,6,3,18
f6a6b7817027,DeepSeek-V4-Pro,博物馆导览讲解,13,3,0
fab3b2651438,DeepSeek-V4-Pro,历史场景叙事,8,0,0
1f23afa1a41f,DeepSeek-V4-Pro,沉浸式体验设计,5,1,28
9eadc02d9b10,DeepSeek-V4-Pro,博物馆导览讲解,2,0,0
9a52b006e760,DeepSeek-V4-Pro,历史场景叙事,8,0,1
1de168bcfae0,DeepSeek-V4-Pro,沉浸式体验设计,13,1,16
293230b77b0c,DeepSeek-V4-Pro,博物馆导览讲解,5,0,0
e0e44d77f4b5,DeepSeek-V4-Pro,历史场景叙事,7,0,0
aad973e8cf4d,DeepSeek-V4-Pro,沉浸式体验设计,11,1,21
f743f4446bb1,DeepSeek-V4-Pro,博物馆导览讲解,9,2,0
510521d21b19,DeepSeek-V4-Pro,历史场景叙事,7,0,0
c6c4e45b02af,DeepSeek-V4-Pro,沉浸式体验设计,19,2,17
66a634b36e65,DeepSeek-V4-Pro,博物馆导览讲解,7,0,0
ee1a0f4b27a9,DeepSeek-V4-Pro,历史场景叙事,0,0,0
0b3d02feeacc,DeepSeek-V4-Pro,沉浸式体验设计,10,2,24
54cb2649379d,DeepSeek-V4-Pro,博物馆导览讲解,0,0,0
ff98385d066d,DeepSeek-V4-Pro,历史场景叙事,12,0,0
c779761dc10b,DeepSeek-V4-Pro,沉浸式体验设计,4,1,14
9ca1b4ce4a6a,DeepSeek-V4-Pro,博物馆导览讲解,6,0,0
4ea35dfc39b3,DeepSeek-V4-Pro,历史场景叙事,7,0,0
54f077271c63,DeepSeek-V4-Pro,沉浸式体验设计,10,1,34
dd48b7f9261a,DeepSeek-V4-Pro,博物馆导览讲解,4,1,0
90bbd9873cc4,DeepSeek-V4-Pro,历史场景叙事,11,1,0
5bbbde7d04a2,DeepSeek-V4-Pro,沉浸式体验设计,8,0,18
2f42d1bfbf5b,DeepSeek-V4-Pro,博物馆导览讲解,8,0,0
36389b2255d9,DeepSeek-V4-Pro,历史场景叙事,8,0,0
6d3d13a6dad7,DeepSeek-V4-Pro,沉浸式体验设计,5,1,10
ce777690b1db,DeepSeek-V4-Flash,博物馆导览讲解,4,1,0
57bcc0dde1b3,DeepSeek-V4-Flash,历史场景叙事,5,0,0
18afa715b17c,DeepSeek-V4-Flash,沉浸式体验设计,6,1,23
b4c89d6ac4c8,DeepSeek-V4-Flash,博物馆导览讲解,6,0,0
47e1ec0ebc98,DeepSeek-V4-Flash,历史场景叙事,3,0,0
aa5f01de5da2,DeepSeek-V4-Flash,沉浸式体验设计,8,2,19
c4513d7d2b6a,DeepSeek-V4-Flash,博物馆导览讲解,7,0,0
cde4eac347d1,DeepSeek-V4-Flash,历史场景叙事,7,0,0
bb190b36dc85,DeepSeek-V4-Flash,沉浸式体验设计,7,0,25
1bae406d5454,DeepSeek-V4-Flash,博物馆导览讲解,3,1,0
ceae670f19fb,DeepSeek-V4-Flash,历史场景叙事,3,1,0
2500a3fca305,DeepSeek-V4-Flash,沉浸式体验设计,4,0,15
cb420c1329e6,DeepSeek-V4-Flash,博物馆导览讲解,9,0,0
d27042408be2,DeepSeek-V4-Flash,历史场景叙事,7,0,0
2cd5bce1ec7f,DeepSeek-V4-Flash,沉浸式体验设计,8,0,23
a5bfe3c50934,DeepSeek-V4-Flash,博物馆导览讲解,3,1,0
37d34d60299d,DeepSeek-V4-Flash,历史场景叙事,12,0,0
b261d721430e,DeepSeek-V4-Flash,沉浸式体验设计,10,0,25
aec4a6a6ddbb,DeepSeek-V4-Flash,博物馆导览讲解,4,0,0
09befbbac102,DeepSeek-V4-Flash,历史场景叙事,9,1,0
fbc2f08d3b38,DeepSeek-V4-Flash,沉浸式体验设计,7,0,13
de906402f77d,DeepSeek-V4-Flash,博物馆导览讲解,6,1,0
3df53974277c,DeepSeek-V4-Flash,历史场景叙事,8,2,0
063efa38ecb0,DeepSeek-V4-Flash,沉浸式体验设计,9,2,16
618ebb819dbd,DeepSeek-V4-Flash,博物馆导览讲解,5,1,0
8858121149ff,DeepSeek-V4-Flash,历史场景叙事,7,0,0
ea4346ee70fa,DeepSeek-V4-Flash,沉浸式体验设计,12,0,21
16ad36427d6f,DeepSeek-V4-Flash,博物馆导览讲解,7,0,0
2751751dc08f,DeepSeek-V4-Flash,历史场景叙事,22,0,0
efc3c54f13f6,DeepSeek-V4-Flash,沉浸式体验设计,8,0,14
9939916dfa1c,DeepSeek-V4-Flash,博物馆导览讲解,5,0,0
b9d1d17a5e0a,DeepSeek-V4-Flash,历史场景叙事,1,1,0
f2becab1eeeb,DeepSeek-V4-Flash,沉浸式体验设计,13,2,20
85ddd395b454,DeepSeek-V4-Flash,博物馆导览讲解,12,1,0
d6b47b5d0886,DeepSeek-V4-Flash,历史场景叙事,3,0,0
59beb116f502,DeepSeek-V4-Flash,沉浸式体验设计,5,0,15
232457a95a66,DeepSeek-V4-Flash,博物馆导览讲解,9,0,0
abc4086e206c,DeepSeek-V4-Flash,历史场景叙事,3,1,0
29c5584f164a,DeepSeek-V4-Flash,沉浸式体验设计,11,1,16
b157736e89c8,DeepSeek-V4-Flash,博物馆导览讲解,4,0,0
a6a41ce22b45,DeepSeek-V4-Flash,历史场景叙事,12,0,0
5ec1a5a89038,DeepSeek-V4-Flash,沉浸式体验设计,5,1,26
48299274fc3f,DeepSeek-V4-Flash,博物馆导览讲解,13,3,0
34f50718370c,DeepSeek-V4-Flash,历史场景叙事,7,0,0
d49aafe54fb4,DeepSeek-V4-Flash,沉浸式体验设计,12,0,16
32113b75ea69,DeepSeek-V4-Flash,博物馆导览讲解,8,0,0
103c5eb8f7ed,DeepSeek-V4-Flash,历史场景叙事,6,1,1
83c5d6704f2c,DeepSeek-V4-Flash,沉浸式体验设计,4,0,22
60828744c565,DeepSeek-V4-Flash,博物馆导览讲解,5,2,0
623199897d43,DeepSeek-V4-Flash,历史场景叙事,7,0,0
5924200cc11e,DeepSeek-V4-Flash,沉浸式体验设计,8,1,23
8f47ed3e901a,DeepSeek-V4-Flash,博物馆导览讲解,5,1,0
d5b632726301,DeepSeek-V4-Flash,历史场景叙事,6,1,0
0b730ac22df3,DeepSeek-V4-Flash,沉浸式体验设计,12,3,35
0395882382f3,DeepSeek-V4-Flash,博物馆导览讲解,5,1,0
b45ddbb5aa19,DeepSeek-V4-Flash,历史场景叙事,6,1,0
f4b525c860be,DeepSeek-V4-Flash,沉浸式体验设计,8,2,22
fe5530a0517d,DeepSeek-V4-Flash,博物馆导览讲解,3,1,0
46af2ef3466d,DeepSeek-V4-Flash,历史场景叙事,1,0,0
5f10ed55cc1d,DeepSeek-V4-Flash,沉浸式体验设计,6,0,22
8b83826fabe5,Pro-Kimi-K2.6,博物馆导览讲解,6,0,0
1f1b552298ff,Pro-Kimi-K2.6,历史场景叙事,3,0,0
4289fc835fff,Pro-Kimi-K2.6,沉浸式体验设计,11,0,26
df26d58b80be,Pro-Kimi-K2.6,博物馆导览讲解,3,1,0
50ea60364075,Pro-Kimi-K2.6,历史场景叙事,8,1,0
3b962abcd9e9,Pro-Kimi-K2.6,沉浸式体验设计,6,1,17
52937f227f4b,Pro-Kimi-K2.6,博物馆导览讲解,5,0,1
d29c818353b2,Pro-Kimi-K2.6,历史场景叙事,6,2,0
98d9f962d79b,Pro-Kimi-K2.6,沉浸式体验设计,4,0,27
c0fa02361042,Pro-Kimi-K2.6,博物馆导览讲解,5,0,0
c900c432d89c,Pro-Kimi-K2.6,历史场景叙事,4,0,0
a96d9484bd80,Pro-Kimi-K2.6,沉浸式体验设计,8,0,32
64151b5518af,Pro-Kimi-K2.6,博物馆导览讲解,2,0,0
9dafdefa692c,Pro-Kimi-K2.6,历史场景叙事,9,1,0
3ba1e01de707,Pro-Kimi-K2.6,沉浸式体验设计,11,1,11
112509eac517,Pro-Kimi-K2.6,博物馆导览讲解,9,1,0
70dc8122a4c6,Pro-Kimi-K2.6,历史场景叙事,13,0,0
ddcc36dd0e06,Pro-Kimi-K2.6,沉浸式体验设计,8,1,20
c9e02d3409ee,Pro-Kimi-K2.6,博物馆导览讲解,1,0,0
d0c86b64f083,Pro-Kimi-K2.6,历史场景叙事,4,0,0
a9507bf95fba,Pro-Kimi-K2.6,沉浸式体验设计,15,1,14
3b59083d5b0f,Pro-Kimi-K2.6,博物馆导览讲解,0,0,0
315daa5e05d3,Pro-Kimi-K2.6,历史场景叙事,4,0,0
8b82341e799a,Pro-Kimi-K2.6,沉浸式体验设计,12,0,15
86b2943fe0b7,Pro-Kimi-K2.6,博物馆导览讲解,10,0,0
61cb991294d5,Pro-Kimi-K2.6,历史场景叙事,7,1,0
57b06f3dbb51,Pro-Kimi-K2.6,沉浸式体验设计,11,1,6
6ffd5d61c97f,Pro-Kimi-K2.6,博物馆导览讲解,12,0,0
891dbff0b5b1,Pro-Kimi-K2.6,历史场景叙事,15,1,0
95576f4189e6,Pro-Kimi-K2.6,沉浸式体验设计,12,2,14
55e08571ee12,Pro-Kimi-K2.6,博物馆导览讲解,7,0,0
728e259fcae4,Pro-Kimi-K2.6,历史场景叙事,8,0,0
4283d8a88ff4,Pro-Kimi-K2.6,沉浸式体验设计,11,2,14
21f4a3ec2dec,Pro-Kimi-K2.6,博物馆导览讲解,3,0,0
9c2267f06c6e,Pro-Kimi-K2.6,历史场景叙事,4,1,0
8d6ebe322ae2,Pro-Kimi-K2.6,沉浸式体验设计,9,2,18
80d1985e6854,Pro-Kimi-K2.6,博物馆导览讲解,6,1,0
1ebb7e52002d,Pro-Kimi-K2.6,历史场景叙事,8,1,0
354f234416d6,Pro-Kimi-K2.6,沉浸式体验设计,9,1,13
3507bcd971b5,Pro-Kimi-K2.6,博物馆导览讲解,6,0,0
c59ac7a963f3,Pro-Kimi-K2.6,历史场景叙事,14,0,0
dad693c2cc37,Pro-Kimi-K2.6,沉浸式体验设计,8,1,13
264a7cb2d359,Pro-Kimi-K2.6,博物馆导览讲解,14,0,0
34065ff235bd,Pro-Kimi-K2.6,历史场景叙事,3,1,0
ee01b34881b3,Pro-Kimi-K2.6,沉浸式体验设计,11,2,9
288446134a7e,Pro-Kimi-K2.6,博物馆导览讲解,4,0,0
65448d0d9423,Pro-Kimi-K2.6,历史场景叙事,5,0,1
070cd67602c8,Pro-Kimi-K2.6,沉浸式体验设计,5,1,16
ff63d174c1b0,Pro-Kimi-K2.6,博物馆导览讲解,0,0,0
c0d7286373ca,Pro-Kimi-K2.6,历史场景叙事,13,0,0
c70f4f4591ca,Pro-Kimi-K2.6,沉浸式体验设计,4,0,15
059148dde2e5,Pro-Kimi-K2.6,博物馆导览讲解,4,0,0
9fa3aeb47b85,Pro-Kimi-K2.6,历史场景叙事,9,0,0
d8ae1a80fd7f,Pro-Kimi-K2.6,沉浸式体验设计,9,0,12
c282529d6850,Pro-Kimi-K2.6,博物馆导览讲解,10,1,0
c62c72dc343e,Pro-Kimi-K2.6,历史场景叙事,4,0,0
eb4edc70655e,Pro-Kimi-K2.6,沉浸式体验设计,9,2,11
e140e2c53470,Pro-Kimi-K2.6,博物馆导览讲解,3,0,0
6a853a820e2d,Pro-Kimi-K2.6,历史场景叙事,3,1,0
e63866811c34,Pro-Kimi-K2.6,沉浸式体验设计,9,1,18
7ffb0074d834,Pro-GLM-5.1,博物馆导览讲解,4,0,0
292724708078,Pro-GLM-5.1,历史场景叙事,2,0,0
6555f0b57d7b,Pro-GLM-5.1,沉浸式体验设计,12,2,9
934c77ff1aae,Pro-GLM-5.1,博物馆导览讲解,9,1,0
f841640da9b9,Pro-GLM-5.1,历史场景叙事,17,0,0
655bcb1d5aaa,Pro-GLM-5.1,沉浸式体验设计,8,2,23
4ab1632c4fbd,Pro-GLM-5.1,博物馆导览讲解,14,0,1
3f9667dc7138,Pro-GLM-5.1,历史场景叙事,8,1,0
d0689f3c41d4,Pro-GLM-5.1,沉浸式体验设计,8,0,9
9d98ddf28f82,Pro-GLM-5.1,博物馆导览讲解,8,0,0
cae6dc1f7e2d,Pro-GLM-5.1,历史场景叙事,11,2,0
83efd5d737f6,Pro-GLM-5.1,沉浸式体验设计,10,2,16
98e861caa3e7,Pro-GLM-5.1,博物馆导览讲解,9,0,0
b563952e3f26,Pro-GLM-5.1,历史场景叙事,4,0,0
b16c35fa7b9e,Pro-GLM-5.1,沉浸式体验设计,9,1,24
fb38041fd879,Pro-GLM-5.1,博物馆导览讲解,9,1,0
53a77413e363,Pro-GLM-5.1,历史场景叙事,13,1,0
a4fae1137e4b,Pro-GLM-5.1,沉浸式体验设计,6,1,16
18d0ca5c3701,Pro-GLM-5.1,博物馆导览讲解,6,3,0
615e339e29a0,Pro-GLM-5.1,历史场景叙事,14,1,0
d21accdb19ec,Pro-GLM-5.1,沉浸式体验设计,6,0,8
c17220e1188f,Pro-GLM-5.1,博物馆导览讲解,11,1,0
fb3e381ea79a,Pro-GLM-5.1,历史场景叙事,9,1,0
dfb910161d89,Pro-GLM-5.1,沉浸式体验设计,6,5,16
5c4d4b9ceb56,Pro-GLM-5.1,博物馆导览讲解,12,2,0
3ca11b0b43c1,Pro-GLM-5.1,历史场景叙事,11,3,0
1d72640f1912,Pro-GLM-5.1,沉浸式体验设计,14,1,8
be8bb449c7c8,Pro-GLM-5.1,博物馆导览讲解,11,1,0
b17c5c02cfab,Pro-GLM-5.1,历史场景叙事,25,0,0
12f41ec70c52,Pro-GLM-5.1,沉浸式体验设计,14,1,19
18bc4148c00f,Pro-GLM-5.1,博物馆导览讲解,7,1,0
b1bad842cc72,Pro-GLM-5.1,历史场景叙事,6,2,0
74dc634e1238,Pro-GLM-5.1,沉浸式体验设计,10,1,13
f48dafa95ac7,Pro-GLM-5.1,博物馆导览讲解,6,2,0
8ae2ffdea2af,Pro-GLM-5.1,历史场景叙事,7,0,0
ec272d846bda,Pro-GLM-5.1,沉浸式体验设计,9,2,18
de131a911caa,Pro-GLM-5.1,博物馆导览讲解,5,0,0
2bf1af33b726,Pro-GLM-5.1,历史场景叙事,14,2,0
af2792bb9d89,Pro-GLM-5.1,沉浸式体验设计,10,2,14
4d76b5d1fdf3,Pro-GLM-5.1,博物馆导览讲解,13,1,0
d9581c34559f,Pro-GLM-5.1,历史场景叙事,16,0,0
381703361694,Pro-GLM-5.1,沉浸式体验设计,5,1,16
be9dd7963519,Pro-GLM-5.1,博物馆导览讲解,8,3,0
c358cf2ce880,Pro-GLM-5.1,历史场景叙事,7,1,0
10f66a43b9cf,Pro-GLM-5.1,沉浸式体验设计,6,1,11
c3b1459cff2c,Pro-GLM-5.1,博物馆导览讲解,6,0,0
c6917cb59c8d,Pro-GLM-5.1,历史场景叙事,6,1,1
5c58e9ddbe43,Pro-GLM-5.1,沉浸式体验设计,12,0,21
c6c1171dd0de,Pro-GLM-5.1,博物馆导览讲解,5,1,0
dc96785b3640,Pro-GLM-5.1,历史场景叙事,4,0,0
9e35cfce6e6d,Pro-GLM-5.1,沉浸式体验设计,2,1,4
9c45da050898,Pro-GLM-5.1,博物馆导览讲解,10,3,0
f14192331a32,Pro-GLM-5.1,历史场景叙事,8,2,0
1712be96722b,Pro-GLM-5.1,沉浸式体验设计,0,0,9
98420142f954,Pro-GLM-5.1,博物馆导览讲解,3,4,0
0e7717dab730,Pro-GLM-5.1,历史场景叙事,10,2,0
0b3eb2d80230,Pro-GLM-5.1,沉浸式体验设计,7,0,10
fc387ae150fe,Pro-GLM-5.1,博物馆导览讲解,10,0,0
ba9aa5715ea1,Pro-GLM-5.1,历史场景叙事,6,0,0
02e498d7f583,Pro-GLM-5.1,沉浸式体验设计,6,0,13
329cdb6a3ade,Nex-N2-Pro,博物馆导览讲解,0,0,0
a0840358ebac,Nex-N2-Pro,历史场景叙事,0,0,0
886c2bc99205,Nex-N2-Pro,沉浸式体验设计,0,0,0
54cee666b8b6,Nex-N2-Pro,博物馆导览讲解,0,0,0
c6f20720271c,Nex-N2-Pro,历史场景叙事,6,0,0
fbd179723986,Nex-N2-Pro,沉浸式体验设计,0,0,0
562295575f5d,Nex-N2-Pro,博物馆导览讲解,0,0,0
59cb8e7b83e6,Nex-N2-Pro,历史场景叙事,0,0,0
11587646057b,Nex-N2-Pro,沉浸式体验设计,0,0,0
1aa4917b00b9,Nex-N2-Pro,博物馆导览讲解,0,0,0
81797b7cd721,Nex-N2-Pro,历史场景叙事,0,0,0
742298273455,Nex-N2-Pro,沉浸式体验设计,0,0,0
aeef8c803367,Nex-N2-Pro,博物馆导览讲解,0,0,0
1ea6d138ec36,Nex-N2-Pro,历史场景叙事,0,0,0
e3e2aa984959,Nex-N2-Pro,沉浸式体验设计,0,0,0
9bbefcc97069,Nex-N2-Pro,博物馆导览讲解,0,0,0
40dcf7b89438,Nex-N2-Pro,历史场景叙事,0,0,0
bf5787467761,Nex-N2-Pro,沉浸式体验设计,0,0,0
0f10c74b036e,Nex-N2-Pro,博物馆导览讲解,0,0,0
9ec6626274ab,Nex-N2-Pro,历史场景叙事,0,0,0
bd7e47c675fc,Nex-N2-Pro,沉浸式体验设计,0,0,0
bc017d35499c,Nex-N2-Pro,博物馆导览讲解,0,0,0
53d7690cb429,Nex-N2-Pro,历史场景叙事,0,0,0
9e60410c11f3,Nex-N2-Pro,沉浸式体验设计,0,0,0
ee3fd7a1193e,Nex-N2-Pro,博物馆导览讲解,0,0,0
20b7cf264c52,Nex-N2-Pro,历史场景叙事,0,0,0
e7ced8903d81,Nex-N2-Pro,沉浸式体验设计,0,0,0
9c63ceda0682,Nex-N2-Pro,博物馆导览讲解,0,0,0
10662f5268d1,Nex-N2-Pro,历史场景叙事,0,0,0
d974c8eaf918,Nex-N2-Pro,沉浸式体验设计,0,0,0
b63d09d56828,Nex-N2-Pro,博物馆导览讲解,9,1,0
95976cd48262,Nex-N2-Pro,历史场景叙事,0,0,0
3648cd08ddf0,Nex-N2-Pro,沉浸式体验设计,0,0,0
e08b81f3e1f4,Nex-N2-Pro,博物馆导览讲解,0,0,0
fb3def0f7e33,Nex-N2-Pro,历史场景叙事,0,0,0
cbb39fde994e,Nex-N2-Pro,沉浸式体验设计,0,0,0
980b1509e285,Nex-N2-Pro,博物馆导览讲解,0,0,0
d6c7accf083c,Nex-N2-Pro,历史场景叙事,0,0,0
30620aab66f6,Nex-N2-Pro,沉浸式体验设计,0,0,0
c709c2c5a121,Nex-N2-Pro,博物馆导览讲解,0,0,0
f4d19c811602,Nex-N2-Pro,历史场景叙事,0,0,0
dbf916bbc0e3,Nex-N2-Pro,沉浸式体验设计,0,0,0
6e041955c5be,Nex-N2-Pro,博物馆导览讲解,0,0,0
941593ce884e,Nex-N2-Pro,历史场景叙事,0,0,0
cbfa90005336,Nex-N2-Pro,沉浸式体验设计,0,0,0
5867f25a24ad,Nex-N2-Pro,博物馆导览讲解,0,0,0
472f37c24663,Nex-N2-Pro,历史场景叙事,0,0,0
c81f9a2c569a,Nex-N2-Pro,沉浸式体验设计,0,0,0
e9f01b3da5b9,Nex-N2-Pro,博物馆导览讲解,7,0,0
d29698127c5a,Nex-N2-Pro,历史场景叙事,0,0,0
db8250895472,Nex-N2-Pro,沉浸式体验设计,0,0,0
211eda708136,Nex-N2-Pro,博物馆导览讲解,0,0,0
4e76a751d431,Nex-N2-Pro,历史场景叙事,0,0,0
cbb7c259327c,Nex-N2-Pro,沉浸式体验设计,0,0,0
3f64297c392a,Nex-N2-Pro,博物馆导览讲解,0,0,0
231339a51527,Nex-N2-Pro,历史场景叙事,0,0,0
449ed3518048,Nex-N2-Pro,沉浸式体验设计,0,0,0
c65159440ac6,Nex-N2-Pro,博物馆导览讲解,0,0,0
82cf7a1f4cff,Nex-N2-Pro,历史场景叙事,0,0,0
45a25d0d2b5a,Nex-N2-Pro,沉浸式体验设计,0,0,0
b889ff11d36b,MiniMax-M2.5,博物馆导览讲解,1,1,0
867f3be8ad93,MiniMax-M2.5,历史场景叙事,3,0,0
02c95d59b793,MiniMax-M2.5,沉浸式体验设计,14,0,44
d8540a0cf942,MiniMax-M2.5,博物馆导览讲解,10,2,0
f7031a716904,MiniMax-M2.5,历史场景叙事,6,0,0
95aaed5b9809,MiniMax-M2.5,沉浸式体验设计,7,2,22
848a50da8a33,MiniMax-M2.5,博物馆导览讲解,10,0,1
9c59e65798a8,MiniMax-M2.5,历史场景叙事,3,1,0
9b5457c1f899,MiniMax-M2.5,沉浸式体验设计,5,1,34
27a93bce51ae,MiniMax-M2.5,博物馆导览讲解,8,0,0
9f74dbed7f13,MiniMax-M2.5,历史场景叙事,5,1,0
3a341f99a285,MiniMax-M2.5,沉浸式体验设计,21,1,10
bbd0d1a21d9b,MiniMax-M2.5,博物馆导览讲解,6,0,0
0352235727f2,MiniMax-M2.5,历史场景叙事,5,0,0
ee50ced272b3,MiniMax-M2.5,沉浸式体验设计,21,0,13
53c0011d0d8e,MiniMax-M2.5,博物馆导览讲解,11,0,0
57ecf0d05f1d,MiniMax-M2.5,历史场景叙事,11,0,0
bcae5b95c245,MiniMax-M2.5,沉浸式体验设计,13,1,14
a69dbf92a716,MiniMax-M2.5,博物馆导览讲解,3,0,0
2038a4e04822,MiniMax-M2.5,历史场景叙事,2,0,0
440b43d85f71,MiniMax-M2.5,沉浸式体验设计,11,1,8
226173715a0b,MiniMax-M2.5,博物馆导览讲解,7,0,0
b0e917a82cbf,MiniMax-M2.5,历史场景叙事,4,0,0
603fe58763ff,MiniMax-M2.5,沉浸式体验设计,16,1,5
b5a67c456707,MiniMax-M2.5,博物馆导览讲解,4,0,0
b07032a9b42a,MiniMax-M2.5,历史场景叙事,9,1,0
c2fc35f8a6d1,MiniMax-M2.5,沉浸式体验设计,8,1,28
ef0814ab2178,MiniMax-M2.5,博物馆导览讲解,9,1,0
d7b0662f3d4e,MiniMax-M2.5,历史场景叙事,18,0,0
7e2fdaf2f8bf,MiniMax-M2.5,沉浸式体验设计,8,0,6
b95ca460cb16,MiniMax-M2.5,博物馆导览讲解,4,1,0
9b9c5fd83347,MiniMax-M2.5,历史场景叙事,2,0,0
56465d797e61,MiniMax-M2.5,沉浸式体验设计,13,1,12
0eb4795c3def,MiniMax-M2.5,博物馆导览讲解,6,1,0
73d2d5cd339c,MiniMax-M2.5,历史场景叙事,11,1,0
8ace1017241a,MiniMax-M2.5,沉浸式体验设计,19,1,14
cdbe741b514e,MiniMax-M2.5,博物馆导览讲解,4,2,0
d2247366cd92,MiniMax-M2.5,历史场景叙事,6,0,0
c5cd34513bdf,MiniMax-M2.5,沉浸式体验设计,9,2,18
f15e214752a3,MiniMax-M2.5,博物馆导览讲解,4,0,0
c238f8ee21fc,MiniMax-M2.5,历史场景叙事,5,1,0
81b13b32fc4c,MiniMax-M2.5,沉浸式体验设计,0,0,15
7bd7afaa7a32,MiniMax-M2.5,博物馆导览讲解,7,0,0
03ffbf446b74,MiniMax-M2.5,历史场景叙事,0,0,0
5a5d2a2bc806,MiniMax-M2.5,沉浸式体验设计,14,3,17
183172edfbab,MiniMax-M2.5,博物馆导览讲解,0,0,0
6b0868224e68,MiniMax-M2.5,历史场景叙事,3,0,0
30909d991d0d,MiniMax-M2.5,沉浸式体验设计,6,1,36
f9bebd2a2b84,MiniMax-M2.5,博物馆导览讲解,3,0,0
8b933740be98,MiniMax-M2.5,历史场景叙事,4,0,0
6c80f5b627f1,MiniMax-M2.5,沉浸式体验设计,9,0,5
f451042b5ff5,MiniMax-M2.5,博物馆导览讲解,8,1,0
ff41977910fd,MiniMax-M2.5,历史场景叙事,4,0,0
69faf9a97b01,MiniMax-M2.5,沉浸式体验设计,17,0,13
848f30762fe6,MiniMax-M2.5,博物馆导览讲解,4,2,0
7534c5ac54d1,MiniMax-M2.5,历史场景叙事,1,1,0
7973e292a7fd,MiniMax-M2.5,沉浸式体验设计,24,1,24
e66ae98d2f06,MiniMax-M2.5,博物馆导览讲解,4,0,0
bda7240c78ce,MiniMax-M2.5,历史场景叙事,10,1,0
09504460b63b,MiniMax-M2.5,沉浸式体验设计,9,0,11
98b93065128f,Pro-MiniMax-M2.5,博物馆导览讲解,4,0,0
f26051dadfa7,Pro-MiniMax-M2.5,历史场景叙事,5,0,0
2ba023d5970e,Pro-MiniMax-M2.5,沉浸式体验设计,9,0,15
9cf4594dfd49,Pro-MiniMax-M2.5,博物馆导览讲解,7,2,2
a7efca6ba2a2,Pro-MiniMax-M2.5,历史场景叙事,9,0,0
98b3d3f6c94b,Pro-MiniMax-M2.5,沉浸式体验设计,8,0,9
65a70d5a704b,Pro-MiniMax-M2.5,博物馆导览讲解,2,0,0
05ffd87b3af2,Pro-MiniMax-M2.5,历史场景叙事,11,1,0
87da0410540f,Pro-MiniMax-M2.5,沉浸式体验设计,3,2,19
b27ccb8b5628,Pro-MiniMax-M2.5,博物馆导览讲解,7,1,0
7b8fae3baf1c,Pro-MiniMax-M2.5,历史场景叙事,6,3,0
dfbecbbeab7b,Pro-MiniMax-M2.5,沉浸式体验设计,8,2,36
32cf2fc01b13,Pro-MiniMax-M2.5,博物馆导览讲解,10,0,0
c1eae70d6961,Pro-MiniMax-M2.5,历史场景叙事,21,0,0
be1c14173625,Pro-MiniMax-M2.5,沉浸式体验设计,16,0,18
ec3d645ebab7,Pro-MiniMax-M2.5,博物馆导览讲解,4,0,0
3988e8b5db95,Pro-MiniMax-M2.5,历史场景叙事,8,0,0
488a03b63374,Pro-MiniMax-M2.5,沉浸式体验设计,13,3,6
7f18f2e2c5e1,Pro-MiniMax-M2.5,博物馆导览讲解,8,0,1
aef942facfdf,Pro-MiniMax-M2.5,历史场景叙事,6,0,0
cca459d730f2,Pro-MiniMax-M2.5,沉浸式体验设计,11,0,11
ab4deae8e5da,Pro-MiniMax-M2.5,博物馆导览讲解,7,0,0
3c53b34f7e39,Pro-MiniMax-M2.5,历史场景叙事,8,1,0
39fe88b1ba07,Pro-MiniMax-M2.5,沉浸式体验设计,7,1,13
7a7b0c9c92e1,Pro-MiniMax-M2.5,博物馆导览讲解,8,0,0
b817832dd263,Pro-MiniMax-M2.5,历史场景叙事,10,1,0
563628c4fcfd,Pro-MiniMax-M2.5,沉浸式体验设计,23,1,17
1238eea50acc,Pro-MiniMax-M2.5,博物馆导览讲解,7,0,0
6153f26449c1,Pro-MiniMax-M2.5,历史场景叙事,14,0,0
8403ac968118,Pro-MiniMax-M2.5,沉浸式体验设计,3,1,14
726dec83c2b2,Pro-MiniMax-M2.5,博物馆导览讲解,2,1,0
60e6938e2e8b,Pro-MiniMax-M2.5,历史场景叙事,8,0,0
44f1938b701b,Pro-MiniMax-M2.5,沉浸式体验设计,13,1,8
e7429328332d,Pro-MiniMax-M2.5,博物馆导览讲解,4,2,0
e6c719ca7337,Pro-MiniMax-M2.5,历史场景叙事,13,0,0
3d49102c4e47,Pro-MiniMax-M2.5,沉浸式体验设计,18,1,5
62406ff71bd0,Pro-MiniMax-M2.5,博物馆导览讲解,6,0,1
9634724f7a77,Pro-MiniMax-M2.5,历史场景叙事,5,0,0
5a648c161d6d,Pro-MiniMax-M2.5,沉浸式体验设计,10,1,15
a5a157e2241e,Pro-MiniMax-M2.5,博物馆导览讲解,8,0,0
7ae8627eb340,Pro-MiniMax-M2.5,历史场景叙事,7,4,0
fcb6c629e132,Pro-MiniMax-M2.5,沉浸式体验设计,9,0,35
83add4584d51,Pro-MiniMax-M2.5,博物馆导览讲解,6,1,1
46d2bb0befc5,Pro-MiniMax-M2.5,历史场景叙事,5,0,0
c7002e5e2173,Pro-MiniMax-M2.5,沉浸式体验设计,12,0,12
77de3aa7b904,Pro-MiniMax-M2.5,博物馆导览讲解,4,0,0
5fd59aece559,Pro-MiniMax-M2.5,历史场景叙事,2,0,0
dcec1b50db43,Pro-MiniMax-M2.5,沉浸式体验设计,8,0,25
4d82f7260bbb,Pro-MiniMax-M2.5,博物馆导览讲解,1,1,0
2154c7251edc,Pro-MiniMax-M2.5,历史场景叙事,22,0,0
c66eebfd32d4,Pro-MiniMax-M2.5,沉浸式体验设计,12,2,40
de7026ee4ec6,Pro-MiniMax-M2.5,博物馆导览讲解,10,1,0
cbe334ecc8bf,Pro-MiniMax-M2.5,历史场景叙事,6,1,0
93c50b096bc8,Pro-MiniMax-M2.5,沉浸式体验设计,6,0,18
50dc834c20ed,Pro-MiniMax-M2.5,博物馆导览讲解,3,1,0
f09b2b14c3d2,Pro-MiniMax-M2.5,历史场景叙事,4,0,0
11001afb54dd,Pro-MiniMax-M2.5,沉浸式体验设计,18,1,22
6e015311f68f,Pro-MiniMax-M2.5,博物馆导览讲解,6,0,0
48344b8a6753,Pro-MiniMax-M2.5,历史场景叙事,5,1,0
936866e76d43,Pro-MiniMax-M2.5,沉浸式体验设计,8,1,10
4bd505ecd6df,LongCat-2.0,博物馆导览讲解,9,1,0
343a3ef6f011,LongCat-2.0,历史场景叙事,6,0,0
f6d4a52b4743,LongCat-2.0,沉浸式体验设计,6,1,15
dbcd38f11ed2,LongCat-2.0,博物馆导览讲解,10,1,0
dbecb8c3ecc1,LongCat-2.0,历史场景叙事,9,1,0
524fe16472f6,LongCat-2.0,沉浸式体验设计,3,1,17
9c9b046c6745,LongCat-2.0,博物馆导览讲解,8,1,0
03193f0a99d0,LongCat-2.0,历史场景叙事,1,0,0
445f337069ee,LongCat-2.0,沉浸式体验设计,5,0,11
69c0b21b761f,LongCat-2.0,博物馆导览讲解,9,1,0
801530c74901,LongCat-2.0,历史场景叙事,12,0,0
e228910d1828,LongCat-2.0,沉浸式体验设计,3,4,14
9863c42272d4,LongCat-2.0,博物馆导览讲解,15,0,0
bc3d087ab7a9,LongCat-2.0,历史场景叙事,8,0,0
42b6106ad25a,LongCat-2.0,沉浸式体验设计,12,1,10
a61356d1d656,LongCat-2.0,博物馆导览讲解,20,0,0
2ef549f1c8f1,LongCat-2.0,历史场景叙事,12,0,0
80d9f7b4f9fc,LongCat-2.0,沉浸式体验设计,10,1,11
81d31224dbcb,LongCat-2.0,博物馆导览讲解,6,0,0
81f275028efe,LongCat-2.0,历史场景叙事,5,0,0
24a775f603c7,LongCat-2.0,沉浸式体验设计,6,1,12
fcbbc3816039,LongCat-2.0,博物馆导览讲解,21,1,0
a34bb88c7a71,LongCat-2.0,历史场景叙事,3,1,0
f4187b648994,LongCat-2.0,沉浸式体验设计,8,0,16
36cb1f16e1c1,LongCat-2.0,博物馆导览讲解,6,2,0
339ba648f2b5,LongCat-2.0,历史场景叙事,4,1,1
d096af0add08,LongCat-2.0,沉浸式体验设计,5,1,17
a5a88255e17c,LongCat-2.0,博物馆导览讲解,14,1,0
670ddbf69535,LongCat-2.0,历史场景叙事,13,1,0
ec912398e792,LongCat-2.0,沉浸式体验设计,9,0,14
a78845cd91c6,LongCat-2.0,博物馆导览讲解,6,0,0
13f97bea9e05,LongCat-2.0,历史场景叙事,5,0,0
1a6e2a6bc57f,LongCat-2.0,沉浸式体验设计,9,0,9
95d7f1f8b1b9,LongCat-2.0,博物馆导览讲解,7,5,0
9b06c22c0b37,LongCat-2.0,历史场景叙事,20,0,0
8b9810a60c8c,LongCat-2.0,沉浸式体验设计,0,0,9
f0629e0e9de4,LongCat-2.0,博物馆导览讲解,12,0,0
cb04661dc765,LongCat-2.0,历史场景叙事,6,0,0
f25f63118557,LongCat-2.0,沉浸式体验设计,2,0,0
69b5f61a2990,LongCat-2.0,博物馆导览讲解,7,0,0
f856deede4f2,LongCat-2.0,历史场景叙事,17,0,0
4e9c1963be57,LongCat-2.0,沉浸式体验设计,8,1,6
36fcec76d984,LongCat-2.0,博物馆导览讲解,15,2,0
94dcfced6f5d,LongCat-2.0,历史场景叙事,7,1,0
0f7834aaf878,LongCat-2.0,沉浸式体验设计,6,2,17
9b22d1c74769,LongCat-2.0,博物馆导览讲解,4,0,0
a306c65a7827,LongCat-2.0,历史场景叙事,7,0,0
b3e7c767ea30,LongCat-2.0,沉浸式体验设计,3,0,7
071e5f91ff6e,LongCat-2.0,博物馆导览讲解,5,2,0
4974866150f4,LongCat-2.0,历史场景叙事,18,3,0
923828b7eec3,LongCat-2.0,沉浸式体验设计,2,0,4
619a276f040f,LongCat-2.0,博物馆导览讲解,6,1,0
05f7059d4a04,LongCat-2.0,历史场景叙事,0,0,0
ea122c5c1f9c,LongCat-2.0,沉浸式体验设计,6,2,3
12a548b58a1c,LongCat-2.0,博物馆导览讲解,14,1,0
b58f125dbc49,LongCat-2.0,历史场景叙事,6,0,0
92b3be431679,LongCat-2.0,沉浸式体验设计,9,0,10
253d5604caac,LongCat-2.0,博物馆导览讲解,7,0,0
2753689ced58,LongCat-2.0,历史场景叙事,12,0,0
00207d7fb8de,LongCat-2.0,沉浸式体验设计,5,0,17
99a5656923bb,GLM-5.2,博物馆导览讲解,4,0,0
0bae13a0591c,GLM-5.2,历史场景叙事,7,0,0
73d5ecc47fc1,GLM-5.2,沉浸式体验设计,8,1,12
e05bac8255ae,GLM-5.2,博物馆导览讲解,12,0,0
d253895dd7c0,GLM-5.2,历史场景叙事,9,0,0
2fbedd4fb1c7,GLM-5.2,沉浸式体验设计,6,2,18
99fe21e9197e,GLM-5.2,博物馆导览讲解,8,1,0
3e62a4366e81,GLM-5.2,历史场景叙事,7,2,0
35930f342d78,GLM-5.2,沉浸式体验设计,9,0,8
52dd9d2016e6,GLM-5.2,博物馆导览讲解,8,1,0
6dd4c1637922,GLM-5.2,历史场景叙事,7,3,0
5a4fb8cfe62f,GLM-5.2,沉浸式体验设计,6,1,20
c23a74d4b184,GLM-5.2,博物馆导览讲解,11,0,0
a31399471079,GLM-5.2,历史场景叙事,8,1,0
7697957d82fc,GLM-5.2,沉浸式体验设计,6,0,14
9d03510d2260,GLM-5.2,博物馆导览讲解,10,1,0
3dcfbcbec45e,GLM-5.2,历史场景叙事,7,1,0
f936a16e5a63,GLM-5.2,沉浸式体验设计,8,2,16
b856f11ad06f,GLM-5.2,博物馆导览讲解,4,0,0
78c47883be2a,GLM-5.2,历史场景叙事,5,0,0
00e0b80c36ba,GLM-5.2,沉浸式体验设计,6,0,7
243993c43b9f,GLM-5.2,博物馆导览讲解,2,3,0
68fbb0615317,GLM-5.2,历史场景叙事,14,3,0
024598a3a23e,GLM-5.2,沉浸式体验设计,12,6,14
ab325559870c,GLM-5.2,博物馆导览讲解,11,2,0
89bc1471a80b,GLM-5.2,历史场景叙事,6,0,0
4a9cd703db16,GLM-5.2,沉浸式体验设计,11,1,7
fc16051275cf,GLM-5.2,博物馆导览讲解,12,1,0
a3e6386a57ed,GLM-5.2,历史场景叙事,15,2,0
8d5b3413eb2b,GLM-5.2,沉浸式体验设计,16,0,10
1b9be9a0fdad,GLM-5.2,博物馆导览讲解,4,0,0
7ad803974610,GLM-5.2,历史场景叙事,11,3,0
936206ba36d8,GLM-5.2,沉浸式体验设计,10,2,14
ccfceeef6483,GLM-5.2,博物馆导览讲解,6,1,0
ee6a71af0cef,GLM-5.2,历史场景叙事,8,2,0
6ecb84b665c7,GLM-5.2,沉浸式体验设计,7,1,12
9bd4fa9799f0,GLM-5.2,博物馆导览讲解,7,2,0
1b709c521b37,GLM-5.2,历史场景叙事,7,1,0
ffc2aa1a0af7,GLM-5.2,沉浸式体验设计,9,3,9
7f1af979c9c2,GLM-5.2,博物馆导览讲解,8,1,0
6303a3a09ce6,GLM-5.2,历史场景叙事,15,2,0
43a93b91e3bd,GLM-5.2,沉浸式体验设计,6,1,18
8214bf438395,GLM-5.2,博物馆导览讲解,8,2,0
71af5f760b5a,GLM-5.2,历史场景叙事,6,1,0
5d66ca1a89a1,GLM-5.2,沉浸式体验设计,6,1,10
eb7df7d30515,GLM-5.2,博物馆导览讲解,8,0,0
83500679bfc9,GLM-5.2,历史场景叙事,3,1,0
e2c278f06877,GLM-5.2,沉浸式体验设计,1,0,15
4dfdcfa88b94,GLM-5.2,博物馆导览讲解,5,3,0
9cd894213f5f,GLM-5.2,历史场景叙事,6,1,0
e995b06dc380,GLM-5.2,沉浸式体验设计,10,3,10
e340e152626f,GLM-5.2,博物馆导览讲解,11,1,0
d4aa08d3c4e6,GLM-5.2,历史场景叙事,9,2,0
ef3e1d630606,GLM-5.2,沉浸式体验设计,13,2,13
9538bcd83f71,GLM-5.2,博物馆导览讲解,7,2,0
7f773a75ab9f,GLM-5.2,历史场景叙事,9,3,0
341d6c3b8941,GLM-5.2,沉浸式体验设计,9,3,21
037f9384b07b,GLM-5.2,博物馆导览讲解,2,2,0
aaeb5e648aaa,GLM-5.2,历史场景叙事,10,1,0
abf485a615a1,GLM-5.2,沉浸式体验设计,8,2,11
ee13da4b4fcf,Kimi-K2.7-Code,博物馆导览讲解,8,0,0
52e1bc514473,Kimi-K2.7-Code,历史场景叙事,16,0,0
d882b1b19515,Kimi-K2.7-Code,沉浸式体验设计,16,1,18
38064346e1de,Kimi-K2.7-Code,博物馆导览讲解,10,0,2
0b5f9ac0345c,Kimi-K2.7-Code,历史场景叙事,9,0,0
ed04cd715c97,Kimi-K2.7-Code,沉浸式体验设计,9,2,25
82306a67f1b1,Kimi-K2.7-Code,博物馆导览讲解,5,0,1
58c097d11ce3,Kimi-K2.7-Code,历史场景叙事,8,1,2
d179a0c3de34,Kimi-K2.7-Code,沉浸式体验设计,4,0,17
3d06ff4a7448,Kimi-K2.7-Code,博物馆导览讲解,7,0,0
9e83472eb61a,Kimi-K2.7-Code,历史场景叙事,12,0,0
e486c6e7dfb6,Kimi-K2.7-Code,沉浸式体验设计,8,2,33
38b1782c27df,Kimi-K2.7-Code,博物馆导览讲解,7,1,0
f2554efb01f4,Kimi-K2.7-Code,历史场景叙事,6,0,0
a0db16c903cb,Kimi-K2.7-Code,沉浸式体验设计,9,0,18
731b717edfd3,Kimi-K2.7-Code,博物馆导览讲解,6,0,0
12df62767fe8,Kimi-K2.7-Code,历史场景叙事,10,0,0
50053a1ddc00,Kimi-K2.7-Code,沉浸式体验设计,6,2,20
98bbb5ae2f1f,Kimi-K2.7-Code,博物馆导览讲解,10,0,0
0d5e6975f180,Kimi-K2.7-Code,历史场景叙事,8,1,0
c79d43dca0d0,Kimi-K2.7-Code,沉浸式体验设计,9,0,15
e8a110c48c75,Kimi-K2.7-Code,博物馆导览讲解,5,0,0
2d31ef6657da,Kimi-K2.7-Code,历史场景叙事,28,1,0
fc88a2a4e786,Kimi-K2.7-Code,沉浸式体验设计,14,2,19
fb4ca2463758,Kimi-K2.7-Code,博物馆导览讲解,4,0,0
344f7a0a8f6e,Kimi-K2.7-Code,历史场景叙事,13,1,0
8e3e97fc4388,Kimi-K2.7-Code,沉浸式体验设计,12,0,20
df1568f0e121,Kimi-K2.7-Code,博物馆导览讲解,8,0,1
c8c7e0b34268,Kimi-K2.7-Code,历史场景叙事,16,0,0
ddd704f6a22f,Kimi-K2.7-Code,沉浸式体验设计,17,2,18
6b55797e5c1e,Kimi-K2.7-Code,博物馆导览讲解,5,0,0
811172aa7162,Kimi-K2.7-Code,历史场景叙事,8,1,0
9bbb090cd60b,Kimi-K2.7-Code,沉浸式体验设计,9,0,28
36b300a024be,Kimi-K2.7-Code,博物馆导览讲解,5,0,0
ad273ebf57a2,Kimi-K2.7-Code,历史场景叙事,6,0,0
0674e0b4cb7c,Kimi-K2.7-Code,沉浸式体验设计,10,0,19
addab89174d3,Kimi-K2.7-Code,博物馆导览讲解,3,0,0
d2cbce16e60d,Kimi-K2.7-Code,历史场景叙事,7,1,0
3067b6a4fbde,Kimi-K2.7-Code,沉浸式体验设计,14,0,17
1f5a06ecbf56,Kimi-K2.7-Code,博物馆导览讲解,9,1,0
664140989dfb,Kimi-K2.7-Code,历史场景叙事,8,0,0
f73672dc7e7b,Kimi-K2.7-Code,沉浸式体验设计,16,0,25
0f1abd53a291,Kimi-K2.7-Code,博物馆导览讲解,9,0,0
2c1ce4c76cd2,Kimi-K2.7-Code,历史场景叙事,10,0,1
cc454d8115e8,Kimi-K2.7-Code,沉浸式体验设计,13,1,19
aa96288d3e0a,Kimi-K2.7-Code,博物馆导览讲解,3,0,1
1bf26613e5a5,Kimi-K2.7-Code,历史场景叙事,5,0,2
0641654b0dca,Kimi-K2.7-Code,沉浸式体验设计,5,2,16
ef6284d35b97,Kimi-K2.7-Code,博物馆导览讲解,3,0,0
472aa4de3a11,Kimi-K2.7-Code,历史场景叙事,13,0,1
0573f0e7b7c1,Kimi-K2.7-Code,沉浸式体验设计,7,0,12
54e58ad46438,Kimi-K2.7-Code,博物馆导览讲解,4,1,0
8598c5f2b347,Kimi-K2.7-Code,历史场景叙事,10,1,0
74b6737e149a,Kimi-K2.7-Code,沉浸式体验设计,19,1,22
19d1c1869f8b,Kimi-K2.7-Code,博物馆导览讲解,6,0,0
d31bf7747d13,Kimi-K2.7-Code,历史场景叙事,3,1,0
3e29796c43c5,Kimi-K2.7-Code,沉浸式体验设计,9,1,28
e5256b664bbb,Kimi-K2.7-Code,博物馆导览讲解,4,0,0
e69c93824dd9,Kimi-K2.7-Code,历史场景叙事,8,0,0
dd5c17eee93d,Kimi-K2.7-Code,沉浸式体验设计,10,0,18
31bc62d2ee50,DeepSeek-V4-Pro,博物馆导览讲解,8,0,0
5dafa582c439,DeepSeek-V4-Pro,历史场景叙事,10,0,0
1845fa9ac407,DeepSeek-V4-Pro,沉浸式体验设计,25,2,17
58293aa3914b,DeepSeek-V4-Pro,博物馆导览讲解,0,0,0
90e5e372634b,DeepSeek-V4-Pro,历史场景叙事,1,0,0
8c8fa517df5e,DeepSeek-V4-Pro,沉浸式体验设计,6,0,24
be3660243248,DeepSeek-V4-Pro,博物馆导览讲解,3,1,0
0ed8a66485a1,DeepSeek-V4-Pro,历史场景叙事,13,1,0
dcc68c3fee84,DeepSeek-V4-Pro,沉浸式体验设计,13,1,16
395d5ea14235,DeepSeek-V4-Pro,博物馆导览讲解,9,0,0
52dcb3a0766c,DeepSeek-V4-Pro,历史场景叙事,13,0,0
377950df8fa7,DeepSeek-V4-Pro,沉浸式体验设计,2,0,17
9e34d26683de,DeepSeek-V4-Pro,博物馆导览讲解,0,0,0
55b011d0cba9,DeepSeek-V4-Pro,历史场景叙事,15,1,0
e513e300c657,DeepSeek-V4-Pro,沉浸式体验设计,21,0,26
7ed6ea7742a9,DeepSeek-V4-Pro,博物馆导览讲解,5,0,0
38a051d7f647,DeepSeek-V4-Pro,历史场景叙事,3,2,0
9ca5374f46c2,DeepSeek-V4-Pro,沉浸式体验设计,14,1,12
258af0fa018c,DeepSeek-V4-Pro,博物馆导览讲解,4,0,0
4f89d900001f,DeepSeek-V4-Pro,历史场景叙事,5,0,0
37c95c712d39,DeepSeek-V4-Pro,沉浸式体验设计,9,1,6
533c9e391f60,DeepSeek-V4-Pro,博物馆导览讲解,14,1,0
2c250a8dd8aa,DeepSeek-V4-Pro,历史场景叙事,5,0,0
28931d5be4e1,DeepSeek-V4-Pro,沉浸式体验设计,12,1,20
b5fb2f8d77a8,DeepSeek-V4-Pro,博物馆导览讲解,7,0,0
5eae505c7da8,DeepSeek-V4-Pro,历史场景叙事,13,1,0
f556b0d56c7d,DeepSeek-V4-Pro,沉浸式体验设计,12,0,12
c58a2c27bc2b,DeepSeek-V4-Pro,博物馆导览讲解,13,0,0
ea0d9a2f234e,DeepSeek-V4-Pro,历史场景叙事,12,1,0
b6825e20ae08,DeepSeek-V4-Pro,沉浸式体验设计,17,1,6
e960a04dabb0,DeepSeek-V4-Pro,博物馆导览讲解,11,0,0
212fb580daf1,DeepSeek-V4-Pro,历史场景叙事,4,0,0
4a54326e593f,DeepSeek-V4-Pro,沉浸式体验设计,8,2,23
88435103f60b,DeepSeek-V4-Pro,博物馆导览讲解,5,0,0
3fc39845cc4b,DeepSeek-V4-Pro,历史场景叙事,6,1,0
fa3876e68dad,DeepSeek-V4-Pro,沉浸式体验设计,7,0,26
019b727f1b29,DeepSeek-V4-Pro,博物馆导览讲解,9,0,0
1e976ec49b85,DeepSeek-V4-Pro,历史场景叙事,7,3,0
71a0e8435e19,DeepSeek-V4-Pro,沉浸式体验设计,10,0,6
d44af3c6eadd,DeepSeek-V4-Pro,博物馆导览讲解,1,1,0
e715996641c3,DeepSeek-V4-Pro,历史场景叙事,12,0,0
66a85927db41,DeepSeek-V4-Pro,沉浸式体验设计,17,2,24
686b86a05d56,DeepSeek-V4-Pro,博物馆导览讲解,4,0,0
9b4454da2cd7,DeepSeek-V4-Pro,历史场景叙事,4,0,0
460652c426bd,DeepSeek-V4-Pro,沉浸式体验设计,13,0,18
17f8e14b80ba,DeepSeek-V4-Pro,博物馆导览讲解,4,0,0
797e924a9127,DeepSeek-V4-Pro,历史场景叙事,11,3,0
19dca2cc811f,DeepSeek-V4-Pro,沉浸式体验设计,8,2,16
8f899d8198bf,DeepSeek-V4-Pro,博物馆导览讲解,1,0,0
fb4cc3d71efa,DeepSeek-V4-Pro,历史场景叙事,5,0,1
2e6a4a559300,DeepSeek-V4-Pro,沉浸式体验设计,1,1,15
9ed373510acf,DeepSeek-V4-Pro,博物馆导览讲解,8,1,0
ec29b78df8e4,DeepSeek-V4-Pro,历史场景叙事,5,1,0
4dd00793b571,DeepSeek-V4-Pro,沉浸式体验设计,10,5,17
81763ab6629a,DeepSeek-V4-Pro,博物馆导览讲解,5,1,0
48ce77abc91a,DeepSeek-V4-Pro,历史场景叙事,10,2,0
5c4f48bafa62,DeepSeek-V4-Pro,沉浸式体验设计,12,2,22
d975e65e146f,DeepSeek-V4-Pro,博物馆导览讲解,6,1,0
a48069cae221,DeepSeek-V4-Pro,历史场景叙事,4,1,0
ef3e38ff4e13,DeepSeek-V4-Pro,沉浸式体验设计,6,0,15
0fe125070f14,DeepSeek-V4-Flash,博物馆导览讲解,4,0,0
b28fcdf2dde3,DeepSeek-V4-Flash,历史场景叙事,4,0,0
7267d6f26107,DeepSeek-V4-Flash,沉浸式体验设计,2,0,13
ac97f01510cc,DeepSeek-V4-Flash,博物馆导览讲解,10,0,0
165a982ce5ce,DeepSeek-V4-Flash,历史场景叙事,10,1,0
98513717e67d,DeepSeek-V4-Flash,沉浸式体验设计,7,1,36
6a8d64bbed68,DeepSeek-V4-Flash,博物馆导览讲解,11,2,0
957b801a6baa,DeepSeek-V4-Flash,历史场景叙事,9,2,0
88d7f41bfa89,DeepSeek-V4-Flash,沉浸式体验设计,5,0,32
fb9b4861e51e,DeepSeek-V4-Flash,博物馆导览讲解,14,1,0
a6b4f1be54f7,DeepSeek-V4-Flash,历史场景叙事,8,0,0
d1d3b91ae47c,DeepSeek-V4-Flash,沉浸式体验设计,11,3,25
98fbb5096fc9,DeepSeek-V4-Flash,博物馆导览讲解,4,1,0
fa5a0d5105ee,DeepSeek-V4-Flash,历史场景叙事,8,0,0
89ac4137cc38,DeepSeek-V4-Flash,沉浸式体验设计,25,1,22
3d7c1174f50a,DeepSeek-V4-Flash,博物馆导览讲解,10,1,0
386feaf2130f,DeepSeek-V4-Flash,历史场景叙事,6,0,0
72dc6d21a264,DeepSeek-V4-Flash,沉浸式体验设计,15,4,25
741929a917f3,DeepSeek-V4-Flash,博物馆导览讲解,10,1,0
72cc5672d037,DeepSeek-V4-Flash,历史场景叙事,5,0,0
fcef4a79bd26,DeepSeek-V4-Flash,沉浸式体验设计,12,0,26
5e825e0d4734,DeepSeek-V4-Flash,博物馆导览讲解,3,0,0
61796cd66022,DeepSeek-V4-Flash,历史场景叙事,3,1,0
8b3a22fabbc2,DeepSeek-V4-Flash,沉浸式体验设计,6,3,24
1983aceb03b3,DeepSeek-V4-Flash,博物馆导览讲解,7,1,0
41b0ba71cd9a,DeepSeek-V4-Flash,历史场景叙事,7,1,0
d5dbd76b2969,DeepSeek-V4-Flash,沉浸式体验设计,5,0,20
1ec7b7764fa3,DeepSeek-V4-Flash,博物馆导览讲解,6,1,0
7d6d8b48c2cc,DeepSeek-V4-Flash,历史场景叙事,6,0,0
ae5e8861316a,DeepSeek-V4-Flash,沉浸式体验设计,10,1,19
1df04b7e4510,DeepSeek-V4-Flash,博物馆导览讲解,7,1,0
e5e11a22ac77,DeepSeek-V4-Flash,历史场景叙事,2,0,0
5fca125aec6c,DeepSeek-V4-Flash,沉浸式体验设计,10,0,22
291072a8efa3,DeepSeek-V4-Flash,博物馆导览讲解,5,0,0
c4d09463438b,DeepSeek-V4-Flash,历史场景叙事,15,0,0
31447a665fda,DeepSeek-V4-Flash,沉浸式体验设计,13,2,27
b2ec3c0073bf,DeepSeek-V4-Flash,博物馆导览讲解,4,0,0
5e738d3d441b,DeepSeek-V4-Flash,历史场景叙事,10,0,0
4fa368983da5,DeepSeek-V4-Flash,沉浸式体验设计,3,0,16
4f57f0b94330,DeepSeek-V4-Flash,博物馆导览讲解,3,0,0
24023e7a7b93,DeepSeek-V4-Flash,历史场景叙事,7,0,0
48081087d9ad,DeepSeek-V4-Flash,沉浸式体验设计,9,1,21
27b0f89ca37d,DeepSeek-V4-Flash,博物馆导览讲解,6,1,0
ac0376be0000,DeepSeek-V4-Flash,历史场景叙事,8,0,0
d9a433526132,DeepSeek-V4-Flash,沉浸式体验设计,14,1,34
6c353635312a,DeepSeek-V4-Flash,博物馆导览讲解,2,0,1
30953f59b0a7,DeepSeek-V4-Flash,历史场景叙事,7,0,0
8f510180889c,DeepSeek-V4-Flash,沉浸式体验设计,2,1,18
52376faa7546,DeepSeek-V4-Flash,博物馆导览讲解,10,1,0
9cfa82b07d94,DeepSeek-V4-Flash,历史场景叙事,5,0,0
21c3e96a32ea,DeepSeek-V4-Flash,沉浸式体验设计,12,2,18
99b05f76a08f,DeepSeek-V4-Flash,博物馆导览讲解,4,1,0
8aabdf360433,DeepSeek-V4-Flash,历史场景叙事,8,0,0
4851479cc77f,DeepSeek-V4-Flash,沉浸式体验设计,5,2,24
82e966960243,DeepSeek-V4-Flash,博物馆导览讲解,9,1,0
8be28c9ff100,DeepSeek-V4-Flash,历史场景叙事,0,2,0
4025558f9f30,DeepSeek-V4-Flash,沉浸式体验设计,3,0,36
ad70e3724ddb,DeepSeek-V4-Flash,博物馆导览讲解,5,0,0
21256efd1075,DeepSeek-V4-Flash,历史场景叙事,9,0,0
9573846bdf53,DeepSeek-V4-Flash,沉浸式体验设计,9,1,31
33015a590925,Pro-Kimi-K2.6,博物馆导览讲解,6,0,0
ef2e6c4e1b85,Pro-Kimi-K2.6,历史场景叙事,4,0,0
db0358060837,Pro-Kimi-K2.6,沉浸式体验设计,14,0,17
6edd0c8a8d2c,Pro-Kimi-K2.6,博物馆导览讲解,0,0,0
49661fcc7198,Pro-Kimi-K2.6,历史场景叙事,6,1,0
ed512883117c,Pro-Kimi-K2.6,沉浸式体验设计,15,1,19
cef0d6c50c50,Pro-Kimi-K2.6,博物馆导览讲解,7,0,1
e96c98f712ca,Pro-Kimi-K2.6,历史场景叙事,5,0,0
2576cd8ea780,Pro-Kimi-K2.6,沉浸式体验设计,8,0,21
0554adf8c28c,Pro-Kimi-K2.6,博物馆导览讲解,6,0,1
c34f2d353cba,Pro-Kimi-K2.6,历史场景叙事,7,1,0
c30df92ca509,Pro-Kimi-K2.6,沉浸式体验设计,4,0,27
5fb2a20c9542,Pro-Kimi-K2.6,博物馆导览讲解,0,0,0
b3cbfb9bd110,Pro-Kimi-K2.6,历史场景叙事,2,0,0
509718f82f07,Pro-Kimi-K2.6,沉浸式体验设计,10,1,12
feb15378ffb6,Pro-Kimi-K2.6,博物馆导览讲解,10,3,0
628fc5693023,Pro-Kimi-K2.6,历史场景叙事,10,3,0
cf496ec86dcc,Pro-Kimi-K2.6,沉浸式体验设计,12,0,19
7113ea008876,Pro-Kimi-K2.6,博物馆导览讲解,4,0,0
3f0678ecc5e9,Pro-Kimi-K2.6,历史场景叙事,9,1,0
be90f2eea037,Pro-Kimi-K2.6,沉浸式体验设计,9,1,11
1c23c9a3d492,Pro-Kimi-K2.6,博物馆导览讲解,7,1,0
7c72c1ea1214,Pro-Kimi-K2.6,历史场景叙事,6,1,0
7371058bebd9,Pro-Kimi-K2.6,沉浸式体验设计,6,1,20
3405b909d71d,Pro-Kimi-K2.6,博物馆导览讲解,6,0,0
f7a45bd5f2af,Pro-Kimi-K2.6,历史场景叙事,9,1,0
e577a46f18f9,Pro-Kimi-K2.6,沉浸式体验设计,5,0,19
fa709ceeacad,Pro-Kimi-K2.6,博物馆导览讲解,12,0,0
a83b37bf2398,Pro-Kimi-K2.6,历史场景叙事,19,0,0
790b010c3728,Pro-Kimi-K2.6,沉浸式体验设计,13,0,15
65a9f255b3d2,Pro-Kimi-K2.6,博物馆导览讲解,5,0,0
b2eec2f8b479,Pro-Kimi-K2.6,历史场景叙事,3,0,0
1de34ea40543,Pro-Kimi-K2.6,沉浸式体验设计,8,3,16
9ba4eb5aa1e5,Pro-Kimi-K2.6,博物馆导览讲解,8,0,0
194dd064c842,Pro-Kimi-K2.6,历史场景叙事,9,0,0
c9610b92f044,Pro-Kimi-K2.6,沉浸式体验设计,6,0,16
7c2b4e35e7cf,Pro-Kimi-K2.6,博物馆导览讲解,8,0,0
28b6f72dce52,Pro-Kimi-K2.6,历史场景叙事,3,1,0
03611040d36c,Pro-Kimi-K2.6,沉浸式体验设计,10,0,7
c456c4c0f43b,Pro-Kimi-K2.6,博物馆导览讲解,8,0,0
8abd1ba626a9,Pro-Kimi-K2.6,历史场景叙事,15,0,0
a1f06af6b473,Pro-Kimi-K2.6,沉浸式体验设计,10,1,21
9e60004b4908,Pro-Kimi-K2.6,博物馆导览讲解,10,2,0
a31a0ee6dd53,Pro-Kimi-K2.6,历史场景叙事,8,0,0
8a540f36dca7,Pro-Kimi-K2.6,沉浸式体验设计,8,1,16
6b68d9838661,Pro-Kimi-K2.6,博物馆导览讲解,11,0,0
e491f65f1b4f,Pro-Kimi-K2.6,历史场景叙事,7,0,3
964dd51e8885,Pro-Kimi-K2.6,沉浸式体验设计,3,0,16
7d7acd2c6b9c,Pro-Kimi-K2.6,博物馆导览讲解,0,0,0
02863a47eed1,Pro-Kimi-K2.6,历史场景叙事,7,0,1
df886666555d,Pro-Kimi-K2.6,沉浸式体验设计,4,2,9
1b78c490c006,Pro-Kimi-K2.6,博物馆导览讲解,8,0,0
634724df1a2f,Pro-Kimi-K2.6,历史场景叙事,6,3,0
1895ad82a555,Pro-Kimi-K2.6,沉浸式体验设计,8,2,8
a49367efee30,Pro-Kimi-K2.6,博物馆导览讲解,4,1,0
0400c3a579bb,Pro-Kimi-K2.6,历史场景叙事,5,0,0
d461e97975a1,Pro-Kimi-K2.6,沉浸式体验设计,13,1,12
4c5c86567f3d,Pro-Kimi-K2.6,博物馆导览讲解,3,0,0
134096c41c3f,Pro-Kimi-K2.6,历史场景叙事,7,0,0
5af0da9727ae,Pro-Kimi-K2.6,沉浸式体验设计,11,0,19
4d65059c1f86,Pro-GLM-5.1,博物馆导览讲解,3,0,0
25be7a0f51e3,Pro-GLM-5.1,历史场景叙事,4,0,0
de7075ef7587,Pro-GLM-5.1,沉浸式体验设计,11,1,9
89cea16585f4,Pro-GLM-5.1,博物馆导览讲解,14,0,0
aea1af7d0d09,Pro-GLM-5.1,历史场景叙事,12,2,0
c42ca92539b0,Pro-GLM-5.1,沉浸式体验设计,9,0,19
dd08d0bb5fe9,Pro-GLM-5.1,博物馆导览讲解,9,1,0
9b5ba2f05cab,Pro-GLM-5.1,历史场景叙事,5,0,0
0bb6e1ec1a9b,Pro-GLM-5.1,沉浸式体验设计,4,1,11
44b64104f589,Pro-GLM-5.1,博物馆导览讲解,7,1,0
a6cb6cf54205,Pro-GLM-5.1,历史场景叙事,7,0,0
2b3e5384e5fa,Pro-GLM-5.1,沉浸式体验设计,7,2,19
0e19e522e755,Pro-GLM-5.1,博物馆导览讲解,8,0,0
9c53cc05fbb0,Pro-GLM-5.1,历史场景叙事,8,0,0
ebfec4a512f9,Pro-GLM-5.1,沉浸式体验设计,15,1,13
4e9bacd27e07,Pro-GLM-5.1,博物馆导览讲解,6,0,0
0a5337462635,Pro-GLM-5.1,历史场景叙事,12,0,0
e79a8c9e030a,Pro-GLM-5.1,沉浸式体验设计,7,0,13
29c2a3357790,Pro-GLM-5.1,博物馆导览讲解,7,1,0
9cd2a411b8b2,Pro-GLM-5.1,历史场景叙事,8,0,0
00ecc43e0fd8,Pro-GLM-5.1,沉浸式体验设计,10,0,14
3b6ef8e91d06,Pro-GLM-5.1,博物馆导览讲解,13,0,0
1d00dbde308f,Pro-GLM-5.1,历史场景叙事,10,0,0
6ddb3f5a6031,Pro-GLM-5.1,沉浸式体验设计,10,2,19
8016e7a1c8be,Pro-GLM-5.1,博物馆导览讲解,10,1,0
d13e3c2a2c0e,Pro-GLM-5.1,历史场景叙事,5,0,0
ec4a4e555ec3,Pro-GLM-5.1,沉浸式体验设计,9,3,11
fc343de19715,Pro-GLM-5.1,博物馆导览讲解,7,0,0
0530a1c32a22,Pro-GLM-5.1,历史场景叙事,16,0,0
5f8854f7ac0d,Pro-GLM-5.1,沉浸式体验设计,17,1,18
2db9c33930e3,Pro-GLM-5.1,博物馆导览讲解,5,2,0
7508db6ae961,Pro-GLM-5.1,历史场景叙事,9,1,0
057cf6226834,Pro-GLM-5.1,沉浸式体验设计,8,2,6
d3717876f0ed,Pro-GLM-5.1,博物馆导览讲解,9,2,0
b612dc8a2667,Pro-GLM-5.1,历史场景叙事,5,0,0
4288bf34e4f5,Pro-GLM-5.1,沉浸式体验设计,5,2,15
761ebed3bb8e,Pro-GLM-5.1,博物馆导览讲解,8,0,0
18e3777e0f59,Pro-GLM-5.1,历史场景叙事,4,0,0
35988f7021fe,Pro-GLM-5.1,沉浸式体验设计,7,3,7
165817ccf983,Pro-GLM-5.1,博物馆导览讲解,9,0,0
05554561f475,Pro-GLM-5.1,历史场景叙事,7,1,0
a4a34b358254,Pro-GLM-5.1,沉浸式体验设计,9,0,15
6df475dc5367,Pro-GLM-5.1,博物馆导览讲解,8,4,0
51b0be78c50e,Pro-GLM-5.1,历史场景叙事,13,0,0
3d2f293a735f,Pro-GLM-5.1,沉浸式体验设计,9,3,10
751ec5cc042a,Pro-GLM-5.1,博物馆导览讲解,4,0,0
cd2995a90e5e,Pro-GLM-5.1,历史场景叙事,8,0,0
9f6ee70ab204,Pro-GLM-5.1,沉浸式体验设计,7,0,18
b99dc6a3b204,Pro-GLM-5.1,博物馆导览讲解,5,3,0
932fd1b35f37,Pro-GLM-5.1,历史场景叙事,8,4,0
fa7372cfe503,Pro-GLM-5.1,沉浸式体验设计,6,5,8
aacb62491a54,Pro-GLM-5.1,博物馆导览讲解,14,0,0
7820f7626958,Pro-GLM-5.1,历史场景叙事,10,2,0
2b85f29da908,Pro-GLM-5.1,沉浸式体验设计,0,0,7
c6e85a1b9ef1,Pro-GLM-5.1,博物馆导览讲解,9,5,0
562a95567102,Pro-GLM-5.1,历史场景叙事,7,2,0
2bfe91c33a44,Pro-GLM-5.1,沉浸式体验设计,3,4,15
9bee1f5e3ad4,Pro-GLM-5.1,博物馆导览讲解,9,1,0
d0ce5b95492d,Pro-GLM-5.1,历史场景叙事,7,0,0
144268f47cf4,Pro-GLM-5.1,沉浸式体验设计,4,0,12
985ee906a778,Nex-N2-Pro,博物馆导览讲解,0,0,0
ec0ecf86d09c,Nex-N2-Pro,历史场景叙事,0,0,0
aa91d85498bd,Nex-N2-Pro,沉浸式体验设计,0,0,0
36e4fc4b43c7,Nex-N2-Pro,博物馆导览讲解,0,0,0
08b0ea44ec46,Nex-N2-Pro,历史场景叙事,0,0,0
8110dcedce28,Nex-N2-Pro,沉浸式体验设计,0,0,0
bc06adabdd9f,Nex-N2-Pro,博物馆导览讲解,0,0,0
8fd77d45e69b,Nex-N2-Pro,历史场景叙事,0,0,0
f0781a002979,Nex-N2-Pro,沉浸式体验设计,0,0,0
434ce5b24c82,Nex-N2-Pro,博物馆导览讲解,0,0,0
b0604ccbb7e5,Nex-N2-Pro,历史场景叙事,0,0,0
d788b7de5276,Nex-N2-Pro,沉浸式体验设计,0,0,0
ebf96e7a2758,Nex-N2-Pro,博物馆导览讲解,0,0,0
a6a3fc5c7cf3,Nex-N2-Pro,历史场景叙事,0,0,0
5b2bcd47e491,Nex-N2-Pro,沉浸式体验设计,0,0,0
76b5cbc61407,Nex-N2-Pro,博物馆导览讲解,0,0,0
41e101ab148d,Nex-N2-Pro,历史场景叙事,0,0,0
6d1a36072b76,Nex-N2-Pro,沉浸式体验设计,7,1,14
7baf785987ff,Nex-N2-Pro,博物馆导览讲解,0,0,0
c4bed8332c2e,Nex-N2-Pro,历史场景叙事,0,0,0
6bb25e42787b,Nex-N2-Pro,沉浸式体验设计,0,0,0
d033bbb6fc50,Nex-N2-Pro,博物馆导览讲解,0,0,0
b32ea0780d6c,Nex-N2-Pro,历史场景叙事,0,0,0
12456a7f08cb,Nex-N2-Pro,沉浸式体验设计,0,0,0
4159965ad5a8,Nex-N2-Pro,博物馆导览讲解,0,0,0
d0f32fa61abd,Nex-N2-Pro,历史场景叙事,0,0,0
0c07b867e1ed,Nex-N2-Pro,沉浸式体验设计,0,0,0
10efc808b0ea,Nex-N2-Pro,博物馆导览讲解,0,0,0
927c5dc1f925,Nex-N2-Pro,历史场景叙事,0,0,0
e87b922d2e50,Nex-N2-Pro,沉浸式体验设计,0,0,0
94b0163fc6dc,Nex-N2-Pro,博物馆导览讲解,0,0,0
d5f86b7d675a,Nex-N2-Pro,历史场景叙事,0,0,0
5149140920ce,Nex-N2-Pro,沉浸式体验设计,0,0,0
31cf7abb0edb,Nex-N2-Pro,博物馆导览讲解,2,0,0
7dd472a0df45,Nex-N2-Pro,历史场景叙事,0,0,0
9167ed90e3d4,Nex-N2-Pro,沉浸式体验设计,0,0,0
47eab1494110,Nex-N2-Pro,博物馆导览讲解,0,0,0
5c7a001267b6,Nex-N2-Pro,历史场景叙事,0,0,0
a292fd2fc9c2,Nex-N2-Pro,沉浸式体验设计,0,0,0
7570d7175810,Nex-N2-Pro,博物馆导览讲解,0,0,0
2461601c74d5,Nex-N2-Pro,历史场景叙事,0,0,0
41adb11bdb3e,Nex-N2-Pro,沉浸式体验设计,0,0,0
73c2d97b975a,Nex-N2-Pro,博物馆导览讲解,0,0,0
b1a1a617cfb1,Nex-N2-Pro,历史场景叙事,0,0,0
75283b712cd8,Nex-N2-Pro,沉浸式体验设计,0,0,0
8f98f693e38d,Nex-N2-Pro,博物馆导览讲解,0,0,0
a1e794f79493,Nex-N2-Pro,历史场景叙事,0,0,0
26d0b5bc3e08,Nex-N2-Pro,沉浸式体验设计,0,0,0
7cb2163ae720,Nex-N2-Pro,博物馆导览讲解,10,1,0
72a02d9ba34a,Nex-N2-Pro,历史场景叙事,0,0,0
b3916fb4023c,Nex-N2-Pro,沉浸式体验设计,0,0,0
0c239bab29c2,Nex-N2-Pro,博物馆导览讲解,0,0,0
7849e6130732,Nex-N2-Pro,历史场景叙事,0,0,0
ecea9bf90d76,Nex-N2-Pro,沉浸式体验设计,0,0,0
0d908f5588bf,Nex-N2-Pro,博物馆导览讲解,0,0,0
2df429268afb,Nex-N2-Pro,历史场景叙事,0,0,0
e17fb0b7cdfe,Nex-N2-Pro,沉浸式体验设计,0,0,0
c7bb051aab4a,Nex-N2-Pro,博物馆导览讲解,0,0,0
3740094df723,Nex-N2-Pro,历史场景叙事,0,0,0
c988f787106f,Nex-N2-Pro,沉浸式体验设计,0,0,0
c3b70f394ba3,MiniMax-M2.5,博物馆导览讲解,8,0,0
383f5d078eaf,MiniMax-M2.5,历史场景叙事,5,0,0
1dae039e5399,MiniMax-M2.5,沉浸式体验设计,12,0,9
e78490b284da,MiniMax-M2.5,博物馆导览讲解,6,0,0
6443b2050a68,MiniMax-M2.5,历史场景叙事,7,0,0
3a6876dcdb6b,MiniMax-M2.5,沉浸式体验设计,11,1,5
2d73b81f2701,MiniMax-M2.5,博物馆导览讲解,10,1,0
f9756b48b288,MiniMax-M2.5,历史场景叙事,6,1,0
6614e60be246,MiniMax-M2.5,沉浸式体验设计,11,1,23
ed9db0b82aae,MiniMax-M2.5,博物馆导览讲解,7,1,0
df8cd40f5abd,MiniMax-M2.5,历史场景叙事,14,0,0
be13da28dea3,MiniMax-M2.5,沉浸式体验设计,7,0,36
5f84bfd1c41e,MiniMax-M2.5,博物馆导览讲解,12,0,0
5ee83cd9c776,MiniMax-M2.5,历史场景叙事,15,0,0
13899371983a,MiniMax-M2.5,沉浸式体验设计,18,2,15
44cfc7e73f63,MiniMax-M2.5,博物馆导览讲解,5,3,0
bc6226440e89,MiniMax-M2.5,历史场景叙事,4,0,0
dca9698fefc5,MiniMax-M2.5,沉浸式体验设计,2,1,37
20669d026345,MiniMax-M2.5,博物馆导览讲解,3,0,0
efd64df67394,MiniMax-M2.5,历史场景叙事,9,0,0
bd2fbfe9cf75,MiniMax-M2.5,沉浸式体验设计,13,1,13
3eb37cfe7872,MiniMax-M2.5,博物馆导览讲解,6,0,0
264c702d64ab,MiniMax-M2.5,历史场景叙事,8,1,0
9bb6aeced5e5,MiniMax-M2.5,沉浸式体验设计,15,2,16
98d7a2ede452,MiniMax-M2.5,博物馆导览讲解,8,0,0
f8e9683f97de,MiniMax-M2.5,历史场景叙事,8,0,0
9094a685c8d9,MiniMax-M2.5,沉浸式体验设计,21,1,17
5667d93f50ba,MiniMax-M2.5,博物馆导览讲解,17,0,0
fa758c5bdff8,MiniMax-M2.5,历史场景叙事,16,0,0
c98d2a876d1e,MiniMax-M2.5,沉浸式体验设计,10,0,10
82a256e5035b,MiniMax-M2.5,博物馆导览讲解,10,0,0
5f59f985087e,MiniMax-M2.5,历史场景叙事,8,0,0
ad43d82d23bf,MiniMax-M2.5,沉浸式体验设计,11,0,13
0a51af16f257,MiniMax-M2.5,博物馆导览讲解,8,1,0
629b396d4370,MiniMax-M2.5,历史场景叙事,15,0,1
a70dca40cf39,MiniMax-M2.5,沉浸式体验设计,8,0,11
556fd6427f48,MiniMax-M2.5,博物馆导览讲解,3,0,0
a48372a6e6e7,MiniMax-M2.5,历史场景叙事,4,0,0
622a838caf59,MiniMax-M2.5,沉浸式体验设计,7,3,10
128c798bd197,MiniMax-M2.5,博物馆导览讲解,4,0,0
fd9441944bc2,MiniMax-M2.5,历史场景叙事,1,0,0
233de179e9ff,MiniMax-M2.5,沉浸式体验设计,6,3,19
f7e9e976ec86,MiniMax-M2.5,博物馆导览讲解,4,2,0
375256e7ef31,MiniMax-M2.5,历史场景叙事,5,0,0
57750676fbea,MiniMax-M2.5,沉浸式体验设计,21,1,12
44e193431a56,MiniMax-M2.5,博物馆导览讲解,3,0,0
a446469992be,MiniMax-M2.5,历史场景叙事,7,0,0
87342827c9a5,MiniMax-M2.5,沉浸式体验设计,8,1,17
d1f2f72d005b,MiniMax-M2.5,博物馆导览讲解,3,1,0
73f23492c3db,MiniMax-M2.5,历史场景叙事,6,0,0
9aa303f9b15c,MiniMax-M2.5,沉浸式体验设计,17,0,12
83ed8999c520,MiniMax-M2.5,博物馆导览讲解,4,2,0
8dacad1f695c,MiniMax-M2.5,历史场景叙事,1,0,0
63e3af1da1ca,MiniMax-M2.5,沉浸式体验设计,16,3,30
38c8cb904404,MiniMax-M2.5,博物馆导览讲解,0,2,0
f71efc9e83de,MiniMax-M2.5,历史场景叙事,5,0,0
953187f53cb5,MiniMax-M2.5,沉浸式体验设计,13,1,14
0d443cfe19c4,MiniMax-M2.5,博物馆导览讲解,2,0,0
4a649ccb0e0f,MiniMax-M2.5,历史场景叙事,8,3,0
c71d3027291f,MiniMax-M2.5,沉浸式体验设计,9,1,18
beb8e5830529,Pro-MiniMax-M2.5,博物馆导览讲解,5,0,0
1b36d46cf8be,Pro-MiniMax-M2.5,历史场景叙事,7,0,0
4cc9a7a1c921,Pro-MiniMax-M2.5,沉浸式体验设计,12,0,10
e8e1649b16f5,Pro-MiniMax-M2.5,博物馆导览讲解,4,1,0
a3e23f99d26d,Pro-MiniMax-M2.5,历史场景叙事,2,0,0
3fac52a1d71f,Pro-MiniMax-M2.5,沉浸式体验设计,8,0,23
741acacf1098,Pro-MiniMax-M2.5,博物馆导览讲解,11,0,0
71edf59ea7a7,Pro-MiniMax-M2.5,历史场景叙事,6,3,0
9288e8e8be76,Pro-MiniMax-M2.5,沉浸式体验设计,8,0,15
5f2f0a687b20,Pro-MiniMax-M2.5,博物馆导览讲解,4,1,0
f69744bd9125,Pro-MiniMax-M2.5,历史场景叙事,20,1,0
036fc72afe63,Pro-MiniMax-M2.5,沉浸式体验设计,11,2,46
3893c0006ad9,Pro-MiniMax-M2.5,博物馆导览讲解,12,0,0
0a4e07616654,Pro-MiniMax-M2.5,历史场景叙事,9,0,0
92e82c42836f,Pro-MiniMax-M2.5,沉浸式体验设计,19,2,14
85665a0a12c5,Pro-MiniMax-M2.5,博物馆导览讲解,5,1,0
653441e37b98,Pro-MiniMax-M2.5,历史场景叙事,5,1,0
18e9655fe7fb,Pro-MiniMax-M2.5,沉浸式体验设计,9,1,32
69345727b6ae,Pro-MiniMax-M2.5,博物馆导览讲解,6,1,1
e79ec844b127,Pro-MiniMax-M2.5,历史场景叙事,6,0,0
cc0a0460296f,Pro-MiniMax-M2.5,沉浸式体验设计,10,0,15
c5a93f5557c3,Pro-MiniMax-M2.5,博物馆导览讲解,8,2,0
961d6b7a28eb,Pro-MiniMax-M2.5,历史场景叙事,22,1,0
12300f5f1163,Pro-MiniMax-M2.5,沉浸式体验设计,7,0,16
d0a5b559a1f6,Pro-MiniMax-M2.5,博物馆导览讲解,5,1,0
8f3c12043b34,Pro-MiniMax-M2.5,历史场景叙事,8,1,0
d86e5ba15cef,Pro-MiniMax-M2.5,沉浸式体验设计,9,0,12
bcf98dfa8c94,Pro-MiniMax-M2.5,博物馆导览讲解,12,0,0
572da9de0172,Pro-MiniMax-M2.5,历史场景叙事,17,0,0
77c3446107ac,Pro-MiniMax-M2.5,沉浸式体验设计,10,2,22
77d22a02253c,Pro-MiniMax-M2.5,博物馆导览讲解,5,1,0
346b3a2f26b8,Pro-MiniMax-M2.5,历史场景叙事,21,1,0
5ac7a768de0d,Pro-MiniMax-M2.5,沉浸式体验设计,9,0,19
25bb91eaee3e,Pro-MiniMax-M2.5,博物馆导览讲解,6,1,0
21b333bc4014,Pro-MiniMax-M2.5,历史场景叙事,10,0,0
1ac8b2f8d19a,Pro-MiniMax-M2.5,沉浸式体验设计,15,1,19
e207a9f99283,Pro-MiniMax-M2.5,博物馆导览讲解,5,1,0
41ee066bd89e,Pro-MiniMax-M2.5,历史场景叙事,15,3,0
adbc0cf48df5,Pro-MiniMax-M2.5,沉浸式体验设计,19,3,7
1e8808338bfd,Pro-MiniMax-M2.5,博物馆导览讲解,6,1,0
4a17e4ea3a46,Pro-MiniMax-M2.5,历史场景叙事,5,0,0
ce7a2b0c3308,Pro-MiniMax-M2.5,沉浸式体验设计,11,0,11
ffc7f8d4a4c6,Pro-MiniMax-M2.5,博物馆导览讲解,14,0,0
ff1c08b94604,Pro-MiniMax-M2.5,历史场景叙事,13,2,0
c0b0c60e1ef2,Pro-MiniMax-M2.5,沉浸式体验设计,9,2,12
dea8164eb44f,Pro-MiniMax-M2.5,博物馆导览讲解,6,0,0
b65e732224ce,Pro-MiniMax-M2.5,历史场景叙事,8,3,0
6b236ab4a77c,Pro-MiniMax-M2.5,沉浸式体验设计,8,0,19
46197dcce381,Pro-MiniMax-M2.5,博物馆导览讲解,8,1,0
dd8efaac7b74,Pro-MiniMax-M2.5,历史场景叙事,2,0,0
921f6f0e4da3,Pro-MiniMax-M2.5,沉浸式体验设计,10,2,7
850812fc9587,Pro-MiniMax-M2.5,博物馆导览讲解,4,0,0
423462737148,Pro-MiniMax-M2.5,历史场景叙事,8,1,0
8a6f1b46a445,Pro-MiniMax-M2.5,沉浸式体验设计,19,4,39
0eb9eadf9a2a,Pro-MiniMax-M2.5,博物馆导览讲解,3,1,0
45293e40f117,Pro-MiniMax-M2.5,历史场景叙事,4,1,0
f4aefa543c57,Pro-MiniMax-M2.5,沉浸式体验设计,10,0,37
dc9692d4249f,Pro-MiniMax-M2.5,博物馆导览讲解,5,0,0
5c58aa4cf9e5,Pro-MiniMax-M2.5,历史场景叙事,9,1,0
2bbb43364ef1,Pro-MiniMax-M2.5,沉浸式体验设计,8,1,7
